run_id,policy,budget_fraction,contact_cost_assumption,value_per_conversion_assumption,target_fraction,gross_incremental_conversions_per_customer_ipw,gross_incremental_conversions_per_customer_dr,net_scenario_value_per_customer_ipw,net_scenario_value_per_customer_dr,is_monetary_observation,interpretation
sprint2-local-exact-calibration-v1,Treat none,0.01,0.0,1.0,0.0,0.0,0.0,0.0,0.0,False,conversion-equivalent assumption scenario
sprint2-local-exact-calibration-v1,Random top-k,0.01,0.0,1.0,0.009999577956148928,2.524687212081068e-05,2.7543074310305624e-05,2.524687212081068e-05,2.7543074310305624e-05,False,conversion-equivalent assumption scenario
sprint2-local-exact-calibration-v1,Response top-k,0.01,0.0,1.0,0.009999577956148928,0.0006308908100947845,0.0005260209155813392,0.0006308908100947845,0.0005260209155813392,False,conversion-equivalent assumption scenario
sprint2-local-exact-calibration-v1,X-Renormalized top-k,0.01,0.0,1.0,0.009999577956148928,0.000591057069490455,0.00046336109583761136,0.000591057069490455,0.00046336109583761136,False,conversion-equivalent assumption scenario
sprint2-local-exact-calibration-v1,X-Calibrated top-k,0.01,0.0,1.0,0.009999577956148928,0.0005837635196657711,0.00046411177071254816,0.0005837635196657711,0.00046411177071254816,False,conversion-equivalent assumption scenario
sprint2-local-exact-calibration-v1,T-LocalExact top-k,0.01,0.0,1.0,0.009999577956148928,0.0004886667402160371,0.00042961412835906956,0.0004886667402160371,0.00042961412835906956,False,conversion-equivalent assumption scenario
sprint2-local-exact-calibration-v1,X-Calibrated cost-aware,0.01,0.0,1.0,0.009999577956148928,0.0005837635196657711,0.00046411177071254816,0.0005837635196657711,0.00046411177071254816,False,conversion-equivalent assumption scenario
sprint2-local-exact-calibration-v1,Treat none,0.01,0.00025,1.0,0.0,0.0,0.0,0.0,0.0,False,conversion-equivalent assumption scenario
sprint2-local-exact-calibration-v1,Random top-k,0.01,0.00025,1.0,0.009999577956148928,2.524687212081068e-05,2.7543074310305624e-05,2.2746977631773447e-05,2.504317982126839e-05,False,conversion-equivalent assumption scenario
sprint2-local-exact-calibration-v1,Response top-k,0.01,0.00025,1.0,0.009999577956148928,0.0006308908100947845,0.0005260209155813392,0.0006283909156057473,0.000523521021092302,False,conversion-equivalent assumption scenario
sprint2-local-exact-calibration-v1,X-Renormalized top-k,0.01,0.00025,1.0,0.009999577956148928,0.000591057069490455,0.00046336109583761136,0.0005885571750014178,0.0004608612013485741,False,conversion-equivalent assumption scenario
sprint2-local-exact-calibration-v1,X-Calibrated top-k,0.01,0.00025,1.0,0.009999577956148928,0.0005837635196657711,0.00046411177071254816,0.0005812636251767339,0.0004616118762235109,False,conversion-equivalent assumption scenario
sprint2-local-exact-calibration-v1,T-LocalExact top-k,0.01,0.00025,1.0,0.009999577956148928,0.0004886667402160371,0.00042961412835906956,0.0004861668457269999,0.0004271142338700323,False,conversion-equivalent assumption scenario
sprint2-local-exact-calibration-v1,X-Calibrated cost-aware,0.01,0.00025,1.0,0.009999577956148928,0.0005837635196657711,0.00046411177071254816,0.0005812636251767339,0.0004616118762235109,False,conversion-equivalent assumption scenario
sprint2-local-exact-calibration-v1,Treat none,0.01,0.0005,1.0,0.0,0.0,0.0,0.0,0.0,False,conversion-equivalent assumption scenario
sprint2-local-exact-calibration-v1,Random top-k,0.01,0.0005,1.0,0.009999577956148928,2.524687212081068e-05,2.7543074310305624e-05,2.0247083142736217e-05,2.254328533223116e-05,False,conversion-equivalent assumption scenario
sprint2-local-exact-calibration-v1,Response top-k,0.01,0.0005,1.0,0.009999577956148928,0.0006308908100947845,0.0005260209155813392,0.00062589102111671,0.0005210211266032647,False,conversion-equivalent assumption scenario
sprint2-local-exact-calibration-v1,X-Renormalized top-k,0.01,0.0005,1.0,0.009999577956148928,0.000591057069490455,0.00046336109583761136,0.0005860572805123805,0.0004583613068595369,False,conversion-equivalent assumption scenario
sprint2-local-exact-calibration-v1,X-Calibrated top-k,0.01,0.0005,1.0,0.009999577956148928,0.0005837635196657711,0.00046411177071254816,0.0005787637306876966,0.0004591119817344737,False,conversion-equivalent assumption scenario
sprint2-local-exact-calibration-v1,T-LocalExact top-k,0.01,0.0005,1.0,0.009999577956148928,0.0004886667402160371,0.00042961412835906956,0.0004836669512379627,0.0004246143393809951,False,conversion-equivalent assumption scenario
sprint2-local-exact-calibration-v1,X-Calibrated cost-aware,0.01,0.0005,1.0,0.009999577956148928,0.0005837635196657711,0.00046411177071254816,0.0005787637306876966,0.0004591119817344737,False,conversion-equivalent assumption scenario
sprint2-local-exact-calibration-v1,Treat none,0.01,0.001,1.0,0.0,0.0,0.0,0.0,0.0,False,conversion-equivalent assumption scenario
sprint2-local-exact-calibration-v1,Random top-k,0.01,0.001,1.0,0.009999577956148928,2.524687212081068e-05,2.7543074310305624e-05,1.5247294164661752e-05,1.7543496354156694e-05,False,conversion-equivalent assumption scenario
sprint2-local-exact-calibration-v1,Response top-k,0.01,0.001,1.0,0.009999577956148928,0.0006308908100947845,0.0005260209155813392,0.0006208912321386356,0.0005160213376251904,False,conversion-equivalent assumption scenario
sprint2-local-exact-calibration-v1,X-Renormalized top-k,0.01,0.001,1.0,0.009999577956148928,0.000591057069490455,0.00046336109583761136,0.0005810574915343062,0.00045336151788146243,False,conversion-equivalent assumption scenario
sprint2-local-exact-calibration-v1,X-Calibrated top-k,0.01,0.001,1.0,0.009999577956148928,0.0005837635196657711,0.00046411177071254816,0.0005737639417096222,0.0004541121927563992,False,conversion-equivalent assumption scenario
sprint2-local-exact-calibration-v1,T-LocalExact top-k,0.01,0.001,1.0,0.009999577956148928,0.0004886667402160371,0.00042961412835906956,0.0004786671622598882,0.0004196145504029206,False,conversion-equivalent assumption scenario
sprint2-local-exact-calibration-v1,X-Calibrated cost-aware,0.01,0.001,1.0,0.009999577956148928,0.0005837635196657711,0.00046411177071254816,0.0005737639417096222,0.0004541121927563992,False,conversion-equivalent assumption scenario
sprint2-local-exact-calibration-v1,Treat none,0.05,0.0,1.0,0.0,0.0,0.0,0.0,0.0,False,conversion-equivalent assumption scenario
sprint2-local-exact-calibration-v1,Random top-k,0.05,0.0,1.0,0.049999320437866916,8.555881150038686e-05,7.169205145056277e-05,8.555881150038686e-05,7.169205145056277e-05,False,conversion-equivalent assumption scenario
sprint2-local-exact-calibration-v1,Response top-k,0.05,0.0,1.0,0.049999320437866916,0.0010062273369592777,0.0008350855179064105,0.0010062273369592777,0.0008350855179064105,False,conversion-equivalent assumption scenario
sprint2-local-exact-calibration-v1,X-Renormalized top-k,0.05,0.0,1.0,0.049999320437866916,0.0009447932896524286,0.000770654514762907,0.0009447932896524286,0.000770654514762907,False,conversion-equivalent assumption scenario
sprint2-local-exact-calibration-v1,X-Calibrated top-k,0.05,0.0,1.0,0.049999320437866916,0.0009520868539249784,0.0007731825152609,0.0009520868539249784,0.0007731825152609,False,conversion-equivalent assumption scenario
sprint2-local-exact-calibration-v1,T-LocalExact top-k,0.05,0.0,1.0,0.049999320437866916,0.0007879822068115072,0.0006485409225878932,0.0007879822068115072,0.0006485409225878932,False,conversion-equivalent assumption scenario
sprint2-local-exact-calibration-v1,X-Calibrated cost-aware,0.05,0.0,1.0,0.049999320437866916,0.0009520868539249784,0.0007731825152609,0.0009520868539249784,0.0007731825152609,False,conversion-equivalent assumption scenario
sprint2-local-exact-calibration-v1,Treat none,0.05,0.00025,1.0,0.0,0.0,0.0,0.0,0.0,False,conversion-equivalent assumption scenario
sprint2-local-exact-calibration-v1,Random top-k,0.05,0.00025,1.0,0.049999320437866916,8.555881150038686e-05,7.169205145056277e-05,7.305898139092014e-05,5.919222134109604e-05,False,conversion-equivalent assumption scenario
sprint2-local-exact-calibration-v1,Response top-k,0.05,0.00025,1.0,0.049999320437866916,0.0010062273369592777,0.0008350855179064105,0.000993727506849811,0.0008225856877969438,False,conversion-equivalent assumption scenario
sprint2-local-exact-calibration-v1,X-Renormalized top-k,0.05,0.00025,1.0,0.049999320437866916,0.0009447932896524286,0.000770654514762907,0.0009322934595429619,0.0007581546846534402,False,conversion-equivalent assumption scenario
sprint2-local-exact-calibration-v1,X-Calibrated top-k,0.05,0.00025,1.0,0.049999320437866916,0.0009520868539249784,0.0007731825152609,0.0009395870238155116,0.0007606826851514332,False,conversion-equivalent assumption scenario
sprint2-local-exact-calibration-v1,T-LocalExact top-k,0.05,0.00025,1.0,0.049999320437866916,0.0007879822068115072,0.0006485409225878932,0.0007754823767020404,0.0006360410924784265,False,conversion-equivalent assumption scenario
sprint2-local-exact-calibration-v1,X-Calibrated cost-aware,0.05,0.00025,1.0,0.049999320437866916,0.0009520868539249784,0.0007731825152609,0.0009395870238155116,0.0007606826851514332,False,conversion-equivalent assumption scenario
sprint2-local-exact-calibration-v1,Treat none,0.05,0.0005,1.0,0.0,0.0,0.0,0.0,0.0,False,conversion-equivalent assumption scenario
sprint2-local-exact-calibration-v1,Random top-k,0.05,0.0005,1.0,0.049999320437866916,8.555881150038686e-05,7.169205145056277e-05,6.05591512814534e-05,4.669239123162931e-05,False,conversion-equivalent assumption scenario
sprint2-local-exact-calibration-v1,Response top-k,0.05,0.0005,1.0,0.049999320437866916,0.0010062273369592777,0.0008350855179064105,0.0009812276767403442,0.000810085857687477,False,conversion-equivalent assumption scenario
sprint2-local-exact-calibration-v1,X-Renormalized top-k,0.05,0.0005,1.0,0.049999320437866916,0.0009447932896524286,0.000770654514762907,0.0009197936294334951,0.0007456548545439735,False,conversion-equivalent assumption scenario
sprint2-local-exact-calibration-v1,X-Calibrated top-k,0.05,0.0005,1.0,0.049999320437866916,0.0009520868539249784,0.0007731825152609,0.0009270871937060449,0.0007481828550419665,False,conversion-equivalent assumption scenario
sprint2-local-exact-calibration-v1,T-LocalExact top-k,0.05,0.0005,1.0,0.049999320437866916,0.0007879822068115072,0.0006485409225878932,0.0007629825465925737,0.0006235412623689597,False,conversion-equivalent assumption scenario
sprint2-local-exact-calibration-v1,X-Calibrated cost-aware,0.05,0.0005,1.0,0.049999320437866916,0.0009520868539249784,0.0007731825152609,0.0009270871937060449,0.0007481828550419665,False,conversion-equivalent assumption scenario
sprint2-local-exact-calibration-v1,Treat none,0.05,0.001,1.0,0.0,0.0,0.0,0.0,0.0,False,conversion-equivalent assumption scenario
sprint2-local-exact-calibration-v1,Random top-k,0.05,0.001,1.0,0.049999320437866916,8.555881150038686e-05,7.169205145056277e-05,3.555949106251995e-05,2.1692731012695853e-05,False,conversion-equivalent assumption scenario
sprint2-local-exact-calibration-v1,Response top-k,0.05,0.001,1.0,0.049999320437866916,0.0010062273369592777,0.0008350855179064105,0.0009562280165214108,0.0007850861974685436,False,conversion-equivalent assumption scenario
sprint2-local-exact-calibration-v1,X-Renormalized top-k,0.05,0.001,1.0,0.049999320437866916,0.0009447932896524286,0.000770654514762907,0.0008947939692145618,0.0007206551943250401,False,conversion-equivalent assumption scenario
sprint2-local-exact-calibration-v1,X-Calibrated top-k,0.05,0.001,1.0,0.049999320437866916,0.0009520868539249784,0.0007731825152609,0.0009020875334871115,0.0007231831948230331,False,conversion-equivalent assumption scenario
sprint2-local-exact-calibration-v1,T-LocalExact top-k,0.05,0.001,1.0,0.049999320437866916,0.0007879822068115072,0.0006485409225878932,0.0007379828863736403,0.0005985416021500263,False,conversion-equivalent assumption scenario
sprint2-local-exact-calibration-v1,X-Calibrated cost-aware,0.05,0.001,1.0,0.049999320437866916,0.0009520868539249784,0.0007731825152609,0.0009020875334871115,0.0007231831948230331,False,conversion-equivalent assumption scenario
sprint2-local-exact-calibration-v1,Treat none,0.1,0.0,1.0,0.0,0.0,0.0,0.0,0.0,False,conversion-equivalent assumption scenario
sprint2-local-exact-calibration-v1,Random top-k,0.1,0.0,1.0,0.09999935620429498,0.00011136664367370771,9.044925258960417e-05,0.00011136664367370771,9.044925258960417e-05,False,conversion-equivalent assumption scenario
sprint2-local-exact-calibration-v1,Response top-k,0.1,0.0,1.0,0.09999935620429498,0.0010314739779142392,0.0008488799605969188,0.0010314739779142392,0.0008488799605969188,False,conversion-equivalent assumption scenario
sprint2-local-exact-calibration-v1,X-Renormalized top-k,0.1,0.0,1.0,0.09999935620429498,0.0010603677044106524,0.0008745282477263288,0.0010603677044106524,0.0008745282477263288,False,conversion-equivalent assumption scenario
sprint2-local-exact-calibration-v1,X-Calibrated top-k,0.1,0.0,1.0,0.09999935620429498,0.0010637339559531427,0.0008761467989324815,0.0010637339559531427,0.0008761467989324815,False,conversion-equivalent assumption scenario
sprint2-local-exact-calibration-v1,T-LocalExact top-k,0.1,0.0,1.0,0.09999935620429498,0.0008718578491970524,0.0007206676788665464,0.0008718578491970524,0.0007206676788665464,False,conversion-equivalent assumption scenario
sprint2-local-exact-calibration-v1,X-Calibrated cost-aware,0.1,0.0,1.0,0.09999935620429498,0.0010637339559531427,0.0008761467989324815,0.0010637339559531427,0.0008761467989324815,False,conversion-equivalent assumption scenario
sprint2-local-exact-calibration-v1,Treat none,0.1,0.00025,1.0,0.0,0.0,0.0,0.0,0.0,False,conversion-equivalent assumption scenario
sprint2-local-exact-calibration-v1,Random top-k,0.1,0.00025,1.0,0.09999935620429498,0.00011136664367370771,9.044925258960417e-05,8.636680462263396e-05,6.544941353853042e-05,False,conversion-equivalent assumption scenario
sprint2-local-exact-calibration-v1,Response top-k,0.1,0.00025,1.0,0.09999935620429498,0.0010314739779142392,0.0008488799605969188,0.0010064741388631654,0.000823880121545845,False,conversion-equivalent assumption scenario
sprint2-local-exact-calibration-v1,X-Renormalized top-k,0.1,0.00025,1.0,0.09999935620429498,0.0010603677044106524,0.0008745282477263288,0.0010353678653595786,0.000849528408675255,False,conversion-equivalent assumption scenario
sprint2-local-exact-calibration-v1,X-Calibrated top-k,0.1,0.00025,1.0,0.09999935620429498,0.0010637339559531427,0.0008761467989324815,0.001038734116902069,0.0008511469598814078,False,conversion-equivalent assumption scenario
sprint2-local-exact-calibration-v1,T-LocalExact top-k,0.1,0.00025,1.0,0.09999935620429498,0.0008718578491970524,0.0007206676788665464,0.0008468580101459786,0.0006956678398154727,False,conversion-equivalent assumption scenario
sprint2-local-exact-calibration-v1,X-Calibrated cost-aware,0.1,0.00025,1.0,0.09999935620429498,0.0010637339559531427,0.0008761467989324815,0.001038734116902069,0.0008511469598814078,False,conversion-equivalent assumption scenario
sprint2-local-exact-calibration-v1,Treat none,0.1,0.0005,1.0,0.0,0.0,0.0,0.0,0.0,False,conversion-equivalent assumption scenario
sprint2-local-exact-calibration-v1,Random top-k,0.1,0.0005,1.0,0.09999935620429498,0.00011136664367370771,9.044925258960417e-05,6.136696557156022e-05,4.0449574487456675e-05,False,conversion-equivalent assumption scenario
sprint2-local-exact-calibration-v1,Response top-k,0.1,0.0005,1.0,0.09999935620429498,0.0010314739779142392,0.0008488799605969188,0.0009814742998120916,0.0007988802824947714,False,conversion-equivalent assumption scenario
sprint2-local-exact-calibration-v1,X-Renormalized top-k,0.1,0.0005,1.0,0.09999935620429498,0.0010603677044106524,0.0008745282477263288,0.0010103680263085048,0.0008245285696241813,False,conversion-equivalent assumption scenario
sprint2-local-exact-calibration-v1,X-Calibrated top-k,0.1,0.0005,1.0,0.09999935620429498,0.0010637339559531427,0.0008761467989324815,0.0010137342778509951,0.0008261471208303341,False,conversion-equivalent assumption scenario
sprint2-local-exact-calibration-v1,T-LocalExact top-k,0.1,0.0005,1.0,0.09999935620429498,0.0008718578491970524,0.0007206676788665464,0.0008218581710949049,0.000670668000764399,False,conversion-equivalent assumption scenario
sprint2-local-exact-calibration-v1,X-Calibrated cost-aware,0.1,0.0005,1.0,0.09999935620429498,0.0010637339559531427,0.0008761467989324815,0.0010137342778509951,0.0008261471208303341,False,conversion-equivalent assumption scenario
sprint2-local-exact-calibration-v1,Treat none,0.1,0.001,1.0,0.0,0.0,0.0,0.0,0.0,False,conversion-equivalent assumption scenario
sprint2-local-exact-calibration-v1,Random top-k,0.1,0.001,1.0,0.09999935620429498,0.00011136664367370771,9.044925258960417e-05,1.1367287469412723e-05,-9.550103614690817e-06,False,conversion-equivalent assumption scenario
sprint2-local-exact-calibration-v1,Response top-k,0.1,0.001,1.0,0.09999935620429498,0.0010314739779142392,0.0008488799605969188,0.0009314746217099442,0.0007488806043926238,False,conversion-equivalent assumption scenario
sprint2-local-exact-calibration-v1,X-Renormalized top-k,0.1,0.001,1.0,0.09999935620429498,0.0010603677044106524,0.0008745282477263288,0.0009603683482063575,0.0007745288915220337,False,conversion-equivalent assumption scenario
sprint2-local-exact-calibration-v1,X-Calibrated top-k,0.1,0.001,1.0,0.09999935620429498,0.0010637339559531427,0.0008761467989324815,0.0009637345997488478,0.0007761474427281866,False,conversion-equivalent assumption scenario
sprint2-local-exact-calibration-v1,T-LocalExact top-k,0.1,0.001,1.0,0.09999935620429498,0.0008718578491970524,0.0007206676788665464,0.0007718584929927573,0.0006206683226622515,False,conversion-equivalent assumption scenario
sprint2-local-exact-calibration-v1,X-Calibrated cost-aware,0.1,0.001,1.0,0.09999935620429498,0.0010637339559531427,0.0008761467989324815,0.0009637345997488478,0.0007761474427281866,False,conversion-equivalent assumption scenario
sprint2-local-exact-calibration-v1,Treat none,0.2,0.0,1.0,0.0,0.0,0.0,0.0,0.0,False,conversion-equivalent assumption scenario
sprint2-local-exact-calibration-v1,Random top-k,0.2,0.0,1.0,0.1999994277371511,0.00024265025156070623,0.00020903357619716376,0.00024265025156070623,0.00020903357619716376,False,conversion-equivalent assumption scenario
sprint2-local-exact-calibration-v1,Response top-k,0.2,0.0,1.0,0.1999994277371511,0.0010878585612201595,0.0009082902000011395,0.0010878585612201595,0.0009082902000011395,False,conversion-equivalent assumption scenario
sprint2-local-exact-calibration-v1,X-Renormalized top-k,0.2,0.0,1.0,0.1999994277371511,0.0011394744856283814,0.0009484394825116762,0.0011394744856283814,0.0009484394825116762,False,conversion-equivalent assumption scenario
sprint2-local-exact-calibration-v1,X-Calibrated top-k,0.2,0.0,1.0,0.1999994277371511,0.001143682300056494,0.0009546470768740445,0.001143682300056494,0.0009546470768740445,False,conversion-equivalent assumption scenario
sprint2-local-exact-calibration-v1,T-LocalExact top-k,0.2,0.0,1.0,0.1999994277371511,0.0009119722215302252,0.0007565953137943632,0.0009119722215302252,0.0007565953137943632,False,conversion-equivalent assumption scenario
sprint2-local-exact-calibration-v1,X-Calibrated cost-aware,0.2,0.0,1.0,0.1999994277371511,0.001143682300056494,0.0009546470768740445,0.001143682300056494,0.0009546470768740445,False,conversion-equivalent assumption scenario
sprint2-local-exact-calibration-v1,Treat none,0.2,0.00025,1.0,0.0,0.0,0.0,0.0,0.0,False,conversion-equivalent assumption scenario
sprint2-local-exact-calibration-v1,Random top-k,0.2,0.00025,1.0,0.1999994277371511,0.00024265025156070623,0.00020903357619716376,0.00019265039462641845,0.00015903371926287598,False,conversion-equivalent assumption scenario
sprint2-local-exact-calibration-v1,Response top-k,0.2,0.00025,1.0,0.1999994277371511,0.0010878585612201595,0.0009082902000011395,0.0010378587042858716,0.0008582903430668518,False,conversion-equivalent assumption scenario
sprint2-local-exact-calibration-v1,X-Renormalized top-k,0.2,0.00025,1.0,0.1999994277371511,0.0011394744856283814,0.0009484394825116762,0.0010894746286940935,0.0008984396255773884,False,conversion-equivalent assumption scenario
sprint2-local-exact-calibration-v1,X-Calibrated top-k,0.2,0.00025,1.0,0.1999994277371511,0.001143682300056494,0.0009546470768740445,0.0010936824431222061,0.0009046472199397568,False,conversion-equivalent assumption scenario
sprint2-local-exact-calibration-v1,T-LocalExact top-k,0.2,0.00025,1.0,0.1999994277371511,0.0009119722215302252,0.0007565953137943632,0.0008619723645959374,0.0007065954568600755,False,conversion-equivalent assumption scenario
sprint2-local-exact-calibration-v1,X-Calibrated cost-aware,0.2,0.00025,1.0,0.1999994277371511,0.001143682300056494,0.0009546470768740445,0.0010936824431222061,0.0009046472199397568,False,conversion-equivalent assumption scenario
sprint2-local-exact-calibration-v1,Treat none,0.2,0.0005,1.0,0.0,0.0,0.0,0.0,0.0,False,conversion-equivalent assumption scenario
sprint2-local-exact-calibration-v1,Random top-k,0.2,0.0005,1.0,0.1999994277371511,0.00024265025156070623,0.00020903357619716376,0.00014265053769213067,0.0001090338623285882,False,conversion-equivalent assumption scenario
sprint2-local-exact-calibration-v1,Response top-k,0.2,0.0005,1.0,0.1999994277371511,0.0010878585612201595,0.0009082902000011395,0.000987858847351584,0.000808290486132564,False,conversion-equivalent assumption scenario
sprint2-local-exact-calibration-v1,X-Renormalized top-k,0.2,0.0005,1.0,0.1999994277371511,0.0011394744856283814,0.0009484394825116762,0.0010394747717598059,0.0008484397686431007,False,conversion-equivalent assumption scenario
sprint2-local-exact-calibration-v1,X-Calibrated top-k,0.2,0.0005,1.0,0.1999994277371511,0.001143682300056494,0.0009546470768740445,0.0010436825861879185,0.000854647363005469,False,conversion-equivalent assumption scenario
sprint2-local-exact-calibration-v1,T-LocalExact top-k,0.2,0.0005,1.0,0.1999994277371511,0.0009119722215302252,0.0007565953137943632,0.0008119725076616497,0.0006565955999257877,False,conversion-equivalent assumption scenario
sprint2-local-exact-calibration-v1,X-Calibrated cost-aware,0.2,0.0005,1.0,0.19363801084295032,0.0011335835454290236,0.000944332208652564,0.0010367645400075486,0.0008475132032310888,False,conversion-equivalent assumption scenario
sprint2-local-exact-calibration-v1,Treat none,0.2,0.001,1.0,0.0,0.0,0.0,0.0,0.0,False,conversion-equivalent assumption scenario
sprint2-local-exact-calibration-v1,Random top-k,0.2,0.001,1.0,0.1999994277371511,0.00024265025156070623,0.00020903357619716376,4.2650823823555116e-05,9.034148460012643e-06,False,conversion-equivalent assumption scenario
sprint2-local-exact-calibration-v1,Response top-k,0.2,0.001,1.0,0.1999994277371511,0.0010878585612201595,0.0009082902000011395,0.0008878591334830083,0.0007082907722639884,False,conversion-equivalent assumption scenario
sprint2-local-exact-calibration-v1,X-Renormalized top-k,0.2,0.001,1.0,0.1999994277371511,0.0011394744856283814,0.0009484394825116762,0.0009394750578912303,0.000748440054774525,False,conversion-equivalent assumption scenario
sprint2-local-exact-calibration-v1,X-Calibrated top-k,0.2,0.001,1.0,0.1999994277371511,0.001143682300056494,0.0009546470768740445,0.0009436828723193429,0.0007546476491368934,False,conversion-equivalent assumption scenario
sprint2-local-exact-calibration-v1,T-LocalExact top-k,0.2,0.001,1.0,0.1999994277371511,0.0009119722215302252,0.0007565953137943632,0.0007119727937930741,0.0005565958860572121,False,conversion-equivalent assumption scenario
sprint2-local-exact-calibration-v1,X-Calibrated cost-aware,0.2,0.001,1.0,0.19363658018582805,0.0011335835454290236,0.0009443324506704115,0.0009399469652431956,0.0007506958704845834,False,conversion-equivalent assumption scenario
sprint2-local-exact-calibration-v1,Treat none,0.3,0.0,1.0,0.0,0.0,0.0,0.0,0.0,False,conversion-equivalent assumption scenario
sprint2-local-exact-calibration-v1,Random top-k,0.3,0.0,1.0,0.2999994992700072,0.00034980905191057016,0.00030364304060067867,0.00034980905191057016,0.00030364304060067867,False,conversion-equivalent assumption scenario
sprint2-local-exact-calibration-v1,Response top-k,0.3,0.0,1.0,0.2999994992700072,0.001120679470415842,0.0009425493779013664,0.001120679470415842,0.0009425493779013664,False,conversion-equivalent assumption scenario
sprint2-local-exact-calibration-v1,X-Renormalized top-k,0.3,0.0,1.0,0.2999994992700072,0.0011456458841821958,0.0009574665129842925,0.0011456458841821958,0.0009574665129842925,False,conversion-equivalent assumption scenario
sprint2-local-exact-calibration-v1,X-Calibrated top-k,0.3,0.0,1.0,0.2999994992700072,0.0011456458841821958,0.0009577014259751298,0.0011456458841821958,0.0009577014259751298,False,conversion-equivalent assumption scenario
sprint2-local-exact-calibration-v1,T-LocalExact top-k,0.3,0.0,1.0,0.2999994992700072,0.0009302060455244053,0.0007732901943071836,0.0009302060455244053,0.0007732901943071836,False,conversion-equivalent assumption scenario
sprint2-local-exact-calibration-v1,X-Calibrated cost-aware,0.3,0.0,1.0,0.2999994992700072,0.0011456458841821958,0.0009577014259751298,0.0011456458841821958,0.0009577014259751298,False,conversion-equivalent assumption scenario
sprint2-local-exact-calibration-v1,Treat none,0.3,0.00025,1.0,0.0,0.0,0.0,0.0,0.0,False,conversion-equivalent assumption scenario
sprint2-local-exact-calibration-v1,Random top-k,0.3,0.00025,1.0,0.2999994992700072,0.00034980905191057016,0.00030364304060067867,0.0002748091770930684,0.00022864316578317687,False,conversion-equivalent assumption scenario
sprint2-local-exact-calibration-v1,Response top-k,0.3,0.00025,1.0,0.2999994992700072,0.001120679470415842,0.0009425493779013664,0.0010456795955983403,0.0008675495030838646,False,conversion-equivalent assumption scenario
sprint2-local-exact-calibration-v1,X-Renormalized top-k,0.3,0.00025,1.0,0.2999994992700072,0.0011456458841821958,0.0009574665129842925,0.001070646009364694,0.0008824666381667907,False,conversion-equivalent assumption scenario
sprint2-local-exact-calibration-v1,X-Calibrated top-k,0.3,0.00025,1.0,0.2999994992700072,0.0011456458841821958,0.0009577014259751298,0.001070646009364694,0.000882701551157628,False,conversion-equivalent assumption scenario
sprint2-local-exact-calibration-v1,T-LocalExact top-k,0.3,0.00025,1.0,0.2999994992700072,0.0009302060455244053,0.0007732901943071836,0.0008552061707069034,0.0006982903194896817,False,conversion-equivalent assumption scenario
sprint2-local-exact-calibration-v1,X-Calibrated cost-aware,0.3,0.00025,1.0,0.2987419516595265,0.0011456458841821958,0.0009574266771608426,0.0010709603962673142,0.000882741189245961,False,conversion-equivalent assumption scenario
sprint2-local-exact-calibration-v1,Treat none,0.3,0.0005,1.0,0.0,0.0,0.0,0.0,0.0,False,conversion-equivalent assumption scenario
sprint2-local-exact-calibration-v1,Random top-k,0.3,0.0005,1.0,0.2999994992700072,0.00034980905191057016,0.00030364304060067867,0.00019980930227556657,0.00015364329096567508,False,conversion-equivalent assumption scenario
sprint2-local-exact-calibration-v1,Response top-k,0.3,0.0005,1.0,0.2999994992700072,0.001120679470415842,0.0009425493779013664,0.0009706797207808383,0.0007925496282663628,False,conversion-equivalent assumption scenario
sprint2-local-exact-calibration-v1,X-Renormalized top-k,0.3,0.0005,1.0,0.2999994992700072,0.0011456458841821958,0.0009574665129842925,0.0009956461345471922,0.0008074667633492889,False,conversion-equivalent assumption scenario
sprint2-local-exact-calibration-v1,X-Calibrated top-k,0.3,0.0005,1.0,0.2999994992700072,0.0011456458841821958,0.0009577014259751298,0.0009956461345471922,0.0008077016763401261,False,conversion-equivalent assumption scenario
sprint2-local-exact-calibration-v1,T-LocalExact top-k,0.3,0.0005,1.0,0.2999994992700072,0.0009302060455244053,0.0007732901943071836,0.0007802062958894016,0.00062329044467218,False,conversion-equivalent assumption scenario
sprint2-local-exact-calibration-v1,X-Calibrated cost-aware,0.3,0.0005,1.0,0.19363801084295032,0.0011335835454290236,0.000944332208652564,0.0010367645400075486,0.0008475132032310888,False,conversion-equivalent assumption scenario
sprint2-local-exact-calibration-v1,Treat none,0.3,0.001,1.0,0.0,0.0,0.0,0.0,0.0,False,conversion-equivalent assumption scenario
sprint2-local-exact-calibration-v1,Random top-k,0.3,0.001,1.0,0.2999994992700072,0.00034980905191057016,0.00030364304060067867,4.9809552640562975e-05,3.6435413306714834e-06,False,conversion-equivalent assumption scenario
sprint2-local-exact-calibration-v1,Response top-k,0.3,0.001,1.0,0.2999994992700072,0.001120679470415842,0.0009425493779013664,0.0008206799711458348,0.0006425498786313593,False,conversion-equivalent assumption scenario
sprint2-local-exact-calibration-v1,X-Renormalized top-k,0.3,0.001,1.0,0.2999994992700072,0.0011456458841821958,0.0009574665129842925,0.0008456463849121886,0.0006574670137142854,False,conversion-equivalent assumption scenario
sprint2-local-exact-calibration-v1,X-Calibrated top-k,0.3,0.001,1.0,0.2999994992700072,0.0011456458841821958,0.0009577014259751298,0.0008456463849121886,0.0006577019267051226,False,conversion-equivalent assumption scenario
sprint2-local-exact-calibration-v1,T-LocalExact top-k,0.3,0.001,1.0,0.2999994992700072,0.0009302060455244053,0.0007732901943071836,0.0006302065462543981,0.0004732906950371764,False,conversion-equivalent assumption scenario
sprint2-local-exact-calibration-v1,X-Calibrated cost-aware,0.3,0.001,1.0,0.19363658018582805,0.0011335835454290236,0.0009443324506704115,0.0009399469652431956,0.0007506958704845834,False,conversion-equivalent assumption scenario
