model,decile,target_fraction,n_decile,mean_score_decile,decile_n_treatment,decile_n_control,decile_conversion_treatment,decile_conversion_control,decile_observed_uplift_rate,decile_uplift_ci_low,decile_uplift_ci_high,n_targeted_cumulative,mean_score_cumulative,cumulative_n_treatment,cumulative_n_control,cumulative_conversion_treatment,cumulative_conversion_control,cumulative_observed_uplift_rate,cumulative_uplift_ci_low,cumulative_uplift_ci_high,estimated_incremental_conversions_cumulative,incremental_conversions_ci_low,incremental_conversions_ci_high,share_of_full_incremental_estimate
Response,1,0.1,209694,0.025007929161690243,181000,28694,0.02471270718232044,0.016344880462814525,0.008367826719505915,0.006735631743837308,0.010000021695174522,209694,0.025007929161690243,181000,28694,0.02471270718232044,0.016344880462814525,0.008367826719505915,0.006735631743837308,0.010000021695174522,1754.6830561200734,1412.4215628922204,2096.944549347926,0.7274332292482828
Response,2,0.2,209694,0.0019833284749177994,178349,31345,0.0018503047395836253,0.001308023608230978,0.0005422811313526474,9.520025139115603e-05,0.0009893620113141388,419388,0.01349562881830402,359349,60039,0.013365836554435939,0.008494478588917205,0.004871357965518734,0.004046809691190961,0.005695906239846507,2042.9890744429708,1697.183422769195,2388.794726116747,0.8469553145552879
Response,3,0.3,209694,0.0007161497568272473,177821,31873,0.0008772867096687118,0.00040786872901829135,0.0004694179806504205,0.00020850468732673056,0.0007303312739741104,629082,0.009235802464478431,537170,91912,0.009231714354859729,0.005690225433022891,0.0035414889218368375,0.00299204392061365,0.004090933923060025,2227.8869339269613,1882.2409736674763,2573.5328941864464,0.923607816861283
Response,4,0.4,209694,0.0003065508496679408,177746,31948,0.0003713163728016383,0.00028170777513459374,8.960859766704457e-05,-0.00011505393257644705,0.0002942711279105362,838776,0.0070034895607758085,714916,123860,0.007028797788831136,0.004295171968351365,0.002733625820479771,0.0023211343967538796,0.003146117244205662,2292.8997311987405,1946.9118247716322,2638.8876376258486,0.950559960097023
Response,5,0.5,209694,0.00017418218683627634,177785,31909,0.00019686700227803246,9.401736187282584e-05,0.00010284964040520661,-2.1934161508527157e-05,0.00022763344231894038,1048470,0.005637628085987901,892701,155769,0.005668191253286375,0.0034345729894908485,0.0022336182637955264,0.0019039715027799938,0.002563265024811059,2341.8817410416955,1996.25700151974,2687.506480563651,0.9708662720949965
Response,6,0.6,209694,0.00010745968318098882,177607,32087,0.00012949940036147223,6.233053884750834e-05,6.716886151396389e-05,-3.4136162828741755e-05,0.00016847388585666952,1258164,0.00471593335218675,1070308,187856,0.00474910025899087,0.0028585725236351246,0.001890527735355745,0.001616202002358146,0.002164853468353344,2378.5939376261254,2033.4471760949343,2723.7406991573166,0.9860859276453617
Response,7,0.7,209694,7.858547542451103e-05,178286,31408,8.413448055371706e-05,9.551706571574121e-05,-1.138258516202415e-05,-0.00012754871380779378,0.00010478354348374548,1467858,0.0040534550840778585,1248594,219264,0.0040829925500202625,0.002462784588441331,0.0016202079615789317,0.0013845094238483858,0.0018559064993094777,2378.2352180673274,2032.2632338712438,2724.2072022634115,0.9859372144483313
Response,8,0.8,209694,7.383447462384272e-05,178105,31589,7.860531708823446e-05,3.165658931906676e-05,4.69487277691677e-05,-2.7516204330765665e-05,0.00012141365986910108,1677552,0.003556002507896106,1426699,250853,0.0035830963644048253,0.0021566415390686976,0.0014264548253361277,0.0012201314086452125,0.001632778242027043,2392.952145152272,2046.8338848355934,2739.07040546895,0.9920383628903094
Response,9,0.9,209694,7.184679439900735e-05,178081,31613,4.492337756414216e-05,0.0,4.492337756414216e-05,1.3793764400164099e-05,7.605299072812021e-05,1887246,0.0031688740952853173,1604780,282466,0.003190468475429654,0.0019152747587320245,0.0012751937166976296,0.0010918595926754102,0.001458527840719849,2406.6042410627347,2060.6076488382973,2752.600833287172,0.9976980677467036
Response,10,1.0,209694,6.83018501047965e-05,177619,32075,0.002178820959469426,0.002151208106001559,2.76128534678669e-05,-0.000523854251474172,0.0005790799584099058,2096940,0.002858816870767265,1782399,314541,0.0030896561319884042,0.0019393338229356427,0.0011503223090527615,0.0009763154533005904,0.0013243291648049327,2412.156862745098,2047.27492664414,2777.0387988460557,1.0
S-Learner,1,0.1,209694,0.007212484642894103,180792,28902,0.026328598610557988,0.018026434156805757,0.008302164453752231,0.006599940114505019,0.010004388792999443,209694,0.007212484642894103,180792,28902,0.026328598610557988,0.018026434156805757,0.008302164453752231,0.006599940114505019,0.010004388792999443,1740.9140729651203,1383.9678423710154,2097.8603035592255,0.7217250668283299
S-Learner,2,0.2,209694,0.0005252469180168229,178603,31091,0.0018532723414500317,0.0013187095944163906,0.000534562747033641,8.454811408304265e-05,0.0009845773799842393,419388,0.0038688657804554624,359395,59993,0.014165472530224404,0.00936775957195006,0.004797712958274344,0.003935443853000392,0.005659982063548297,2012.1032421447608,1650.4779266221283,2373.728557667393,0.8341510758363095
S-Learner,3,0.3,209694,0.00026010634638777585,177800,31894,0.0005624296962879641,0.0004076001755816141,0.00015482952070634994,-9.259765416040877e-05,0.00040225669557310864,629082,0.0026659459690995665,537195,91887,0.00966315769878722,0.0062576860709349525,0.003405471627852267,0.00283239308174771,0.003978550173956824,2142.32090259256,1781.807504652013,2502.8343005331067,0.8881349864430219
S-Learner,4,0.4,209694,0.00014889498131947937,177664,32030,0.00048405979827089335,0.0004058694973462379,7.819030092465543e-05,-0.00016495763685126828,0.00032133823870057916,838776,0.0020366832221545453,714859,123917,0.007381875306878699,0.004745111647312314,0.0026367636595663853,0.002205737120529499,0.0030677901986032718,2211.6540753164545,1850.119359009251,2573.188791623658,0.9168782136330612
S-Learner,5,0.5,209694,0.00011510453690670315,177519,32175,0.00025349399219238504,0.00012432012432012432,0.00012917386787226072,-1.3395261630749891e-05,0.0002717429973752713,1048470,0.0016523674851049767,892378,156092,0.005963840435331216,0.0037926351126258873,0.002171205322705329,0.0018269559208586032,0.0025154547245520545,2276.443644696856,1915.5084743426198,2637.3788150510927,0.9437378140102396
S-Learner,6,0.6,209694,9.601122355786735e-05,177723,31971,0.00016880201211998447,9.38350380031904e-05,7.496697411679408e-05,-4.7189513311923835e-05,0.000197123461545512,1258164,0.0013929747748471248,1070101,188063,0.0050013970643892494,0.00316383339625551,0.0018375636681337393,0.0015507035974874897,0.002124423738779989,2311.956454953818,1951.03944102925,2672.873468878386,0.958460243884285
S-Learner,7,0.7,209694,8.33306830086031e-05,177944,31750,8.429618306883064e-05,3.1496062992125985e-05,5.280012007670465e-05,-2.2236244728809045e-05,0.00012783648488221835,1467858,0.001205882761727336,1248045,219813,0.004300325709409516,0.002711395595346954,0.001588930114062562,0.0013430895615348395,0.0018347706665902846,2332.323779367644,1971.4647576154064,2693.182801119882,0.9669038591103061
S-Learner,8,0.8,209694,8.33306830086031e-05,177928,31766,7.868351243199497e-05,6.296039790971479e-05,1.572311452228018e-05,-8.077712967758184e-05,0.0001122233587221422,1677552,0.0010655637518874946,1425973,251579,0.003773563735077733,0.00237698695042114,0.0013965767846565928,0.0011813143822154077,0.001611839187097778,2342.8301782542367,1981.7163045142215,2703.9440519942514,0.9712594626155591
S-Learner,9,0.9,209694,8.33306830086031e-05,178125,31569,2.8070175438596492e-05,0.0,2.8070175438596492e-05,3.4659271635991086e-06,5.267442371359388e-05,1887246,0.0009564267442342844,1604098,283148,0.003357650218378179,0.0021119697119527598,0.0012456805064254193,0.00105434917636156,0.0014370118364892786,2350.9055530293467,1989.8162656916484,2711.994840367045,0.9746072443870646
S-Learner,10,1.0,209694,2.3047213314245555e-05,178301,31393,0.0006786277138097935,0.00038225082024655177,0.00029637689356324173,4.86469328161318e-05,0.0005441068543103517,2096940,0.0008630887911422805,1782399,314541,0.0030896561319884042,0.0019393338229356427,0.0011503223090527615,0.0009763154533005904,0.0013243291648049327,2412.156862745098,2047.27492664414,2777.0387988460557,1.0
T-Learner,1,0.1,209694,0.011034841356819104,181151,28543,0.022506086082881134,0.015310233682514102,0.007195852400367032,0.005616108411744768,0.008775596388989296,209694,0.011034841356819104,181151,28543,0.022506086082881134,0.015310233682514102,0.007195852400367032,0.005616108411744768,0.008775596388989296,1508.9270732425643,1177.6642372924075,1840.1899091927214,0.625550973300039
T-Learner,2,0.2,209694,0.0005634635695445563,178558,31136,0.0013497014975526159,0.0006102261048304214,0.0007394753927221945,0.00041660760578817195,0.0010623431796562169,419388,0.005799152463181829,359709,59679,0.01200414779724722,0.007640878701050621,0.004363269096196599,0.003579205642414204,0.005147332549978993,1829.902699715699,1501.0758959608083,2158.72950347059,0.7586167914607435
T-Learner,3,0.3,209694,0.00021718140264085696,177489,32205,0.000693000693000693,0.0005899705014749262,0.00010303019152576676,-0.00018907016948796073,0.00039513055253949424,629082,0.003938495443001505,537198,91884,0.008266970465266065,0.005169561621174525,0.003097408844091541,0.0025742951148134442,0.0036205225733696375,1948.5241504587948,1619.4427194170712,2277.6055815005184,0.807793299247265
T-Learner,4,0.4,209694,7.143824899506887e-05,177741,31953,0.0004838500964887111,0.00021907176164992332,0.0002647783348387878,7.298391484410186e-05,0.00045657275483347375,838776,0.0029717311444998964,714939,123837,0.006332008744802004,0.0038922131511583778,0.0024397955936436263,0.002047264648680162,0.0028323265386070904,2046.4419888540262,1717.1964529613517,2375.687524746701,0.8483867780162196
T-Learner,5,0.5,209694,9.053974854788487e-06,177710,31984,0.00018569579652242418,9.379689844922461e-05,9.189889807319957e-05,-3.170684366114207e-05,0.0002155046398075412,1048470,0.0023791957105708745,892649,155821,0.005108390868079167,0.0031125458057643064,0.0019958450623148603,0.0016822054895418899,0.002309484635087831,2092.5836724852616,1763.7419896199854,2421.425355350538,0.8675155852442558
T-Learner,6,0.6,209694,-7.721564218342018e-06,177904,31790,8.993614533681087e-05,6.291286568103177e-05,2.70232796557791e-05,-7.067001496179814e-05,0.00012471657427335633,1258164,0.001981376164772672,1070553,187611,0.0042744263945829865,0.0025957966217332673,0.0016786297728497192,0.0014173109546588064,0.001939948591040632,2111.991549527694,1783.2096199573425,2440.7734790980458,0.875561445504084
T-Learner,7,0.7,209694,-2.298046451742508e-05,177784,31910,0.00015186968456104037,0.00015669069257286117,-4.821008011820794e-06,-0.00015362273851186466,0.00014398072248822307,1467858,0.0016950395034455155,1248337,219521,0.0036873055913587438,0.002241243434568902,0.0014460621567898417,0.0012214757490810373,0.001670648564498646,2122.6139053412235,1792.9529500945932,2452.2748605878537,0.8799651208941831
T-Learner,8,0.8,209694,-2.5893511177559897e-05,177840,31854,5.623031938821413e-05,0.0,5.623031938821413e-05,2.137938623529511e-05,9.108125254113315e-05,1677552,0.001479922876617631,1426177,251375,0.0032345213812871756,0.0019572352063649927,0.001277286174922183,0.001080977635078694,0.001473594714765672,2142.713977313058,1813.3961936815333,2472.0317609445824,0.8882979421473416
T-Learner,9,0.9,209694,-2.5893511177559897e-05,178184,31510,3.928523324204193e-05,0.0,3.928523324204193e-05,1.0182896845351048e-05,6.838756963873282e-05,1887246,0.0013126099446403871,1604361,282885,0.0028796511508320135,0.0017392226523145447,0.0011404284985174688,0.0009659203572678777,0.00131493663976706,2152.269122113099,1822.9293305723731,2481.608913653825,0.8922591873497647
T-Learner,10,1.0,209694,-0.001874353808300003,178038,31656,0.004982082476774621,0.0037275713924690423,0.0012545110843055788,0.0005077604658206574,0.0020012617027905,2096940,0.0009939135693463482,1782399,314541,0.0030896561319884042,0.0019393338229356427,0.0011503223090527615,0.0009763154533005904,0.0013243291648049327,2412.156862745098,2047.27492664414,2777.0387988460557,1.0
X-Learner,1,0.1,209694,0.00554053086590141,181185,28509,0.026508816955045946,0.0187660037181241,0.007742813236921844,0.006002574645388561,0.009483051828455128,209694,0.00554053086590141,181185,28509,0.026508816955045946,0.0187660037181241,0.007742813236921844,0.006002574645388561,0.009483051828455128,1623.6214789030892,1258.703887690109,1988.5390701160698,0.673099458820172
X-Learner,2,0.2,209694,0.0007202615437484954,178546,31148,0.001523416934571483,0.0009952484910748683,0.0005281684434966147,0.0001340193394733948,0.0009223175475198347,419388,0.0031303962048249523,359731,59657,0.014107763856881948,0.009487570611998591,0.0046201932448833565,0.003752042146981424,0.005488344342785289,1937.653604585141,1573.5614519382455,2301.745757232037,0.8032867325137555
X-Learner,3,0.3,209694,0.00023396752277084852,177773,31921,0.0005006384546584689,0.00034460073305974125,0.0001560377215987277,-7.258988172854707e-05,0.00038466532492600246,629082,0.002164919977473585,537504,91578,0.009607370363755433,0.006300639891677041,0.003306730472078392,0.002731712984668924,0.00388174795948786,2080.204618836019,1718.471467821496,2441.937769850542,0.8623836413643065
X-Learner,4,0.4,209694,0.00012481381263200247,177682,32012,0.0001969811235803289,0.00012495314257153568,7.202798100879322e-05,-6.672052749711474e-05,0.00021077648951470118,838776,0.0016548934362631891,715186,123590,0.0072694376008478915,0.004701027591229064,0.0025684100096188276,0.002139223806033725,0.00299759621320393,2154.3206742280418,1794.3295871297437,2514.31176132634,0.8931096926160798
X-Learner,5,0.5,209694,7.985795714012923e-05,178046,31648,0.0001516462037900318,0.0,0.0001516462037900318,9.44492631006965e-05,0.0002088431444793671,1048470,0.0013398863404385773,893232,155238,0.00585066365737009,0.0037426403329081795,0.00210802332446191,0.0017655530025706863,0.002450493646353134,2210.199214998579,1851.1293566052875,2569.2690733918703,0.9162750769381202
X-Learner,6,0.6,209694,5.324506320290045e-05,177705,31989,0.00016319180664584564,6.252149176279346e-05,0.00010067031488305218,-4.37775448934855e-06,0.0002057183842554529,1258164,0.0011254461275659647,1070937,187227,0.004906917960627003,0.003113867123865682,0.0017930508367613208,0.001508080534186343,0.002078021139336299,2255.9520129829707,1897.4126372140258,2614.491388751915,0.935242665112433
X-Learner,7,0.7,209694,2.6315682683309285e-05,177858,31836,0.00012369418299992127,9.423294383716548e-05,2.9461239162755797e-05,-8.903450330868053e-05,0.00014795698163419212,1467858,0.000968427492582728,1248795,219063,0.004225673549301526,0.0026750295577071437,0.0015506439915943825,0.0013062478623572487,0.0017950401208315164,2276.125188213747,1917.3863747439864,2634.864001683508,0.9436057925451237
X-Learner,8,0.8,209694,2.042448837014298e-07,177971,31723,0.0001292345382112816,6.304573968414085e-05,6.618879852714076e-05,-3.590666913325441e-05,0.00016828426618753592,1677552,0.0008473995866203495,1426766,250786,0.003714694631074752,0.0023446284880336223,0.0013700661430411298,0.0011560658674739234,0.0015840664186083362,2298.3571983909333,1939.3606081126152,2657.3537886692516,0.9528224444638075
X-Learner,9,0.9,209694,-7.21616961643051e-05,178138,31556,0.00026384039340286746,0.00012675877804537965,0.0001370816153574878,-8.238184548649648e-06,0.0002824014152636253,1887246,0.000745226110755388,1604904,282342,0.0033316634515210878,0.002096747915648398,0.0012349155358726896,0.0010440824873301133,0.0014257485844152659,2330.58940541359,1970.440497883807,2690.738312943373,0.9661848453592351
X-Learner,10,1.0,209694,-0.0005472972513567305,177495,32199,0.0009014338432068509,0.0005590235721606261,0.00034241027104622477,4.889492310864639e-05,0.0006359256189838031,2096940,0.0006159737745441762,1782399,314541,0.0030896561319884042,0.0019393338229356427,0.0011503223090527615,0.0009763154533005904,0.0013243291648049327,2412.156862745098,2047.27492664414,2777.0387988460557,1.0
DR-Learner,1,0.1,209694,0.010064698770320152,180936,28758,0.023295529911128796,0.015682592669865776,0.00761293724126302,0.00601757867235971,0.00920829581016633,209694,0.010064698770320152,180936,28758,0.023295529911128796,0.015682592669865776,0.00761293724126302,0.00601757867235971,0.00920829581016633,1596.3872618694077,1261.850142121797,1930.9243816170183,0.6618090583266119
DR-Learner,2,0.2,209694,0.0006103758747073719,178701,30993,0.0014885199299388364,0.0007743684057690447,0.0007141515241697918,0.0003565753813675891,0.0010717276669719943,419388,0.005337537322513762,359637,59751,0.012459785839610497,0.007949657746313869,0.004510128093296628,0.003711076355958927,0.0053091798306343285,1891.4936007914862,1556.3808907729026,2226.6063108100698,0.7841503303557616
DR-Learner,3,0.3,209694,0.00022245265140507364,178192,31502,0.0008025051629702792,0.0006983683575645991,0.00010413680540568009,-0.00021585093825941695,0.00042412454907077713,629082,0.003632509098810865,537829,91253,0.008597528210639442,0.005446396282861934,0.003151131927777508,0.0026136211390196708,0.0036886427165353456,1982.3203753901305,1644.1820133767726,2320.458737403488,0.8218040899438844
DR-Learner,4,0.4,209694,0.00010537396407343134,177413,32281,0.0007778460428491712,0.00046466961990025094,0.0003131764229489202,4.465781905169667e-05,0.0005816950268461437,838776,0.0027507253151265072,715242,123534,0.006657886421658684,0.004144607962180452,0.0025132784594782314,0.0021084642316389667,0.002918092687317496,2108.077653127313,1768.5291943572058,2447.6261118974203,0.8739388742439683
DR-Learner,5,0.5,209694,4.788426288420299e-05,177658,32036,0.00018575014916299856,9.364464976900986e-05,9.21054993939887e-05,-3.1361867193800005e-05,0.00021557286598177742,1048470,0.002210157104678046,892900,155570,0.005370142233172808,0.0033104068907887124,0.0020597353423840955,0.0017365388811124535,0.0023829318036557375,2159.5707144294524,1820.7089206799742,2498.432508178931,0.895286184652106
DR-Learner,6,0.6,209694,4.546693004315722e-05,177856,31838,0.00011807304785894206,6.281801620704818e-05,5.525503165189389e-05,-4.538897481245437e-05,0.00015589903811624213,1258164,0.0018493754089055645,1070756,187408,0.004497756725154937,0.0027586869290531888,0.0017390697961017485,0.0014698906339905323,0.0020082489582129645,2188.0350109425603,1849.3634796240642,2526.7065422610563,0.9070865351818451
DR-Learner,7,0.7,209694,4.546693004315722e-05,177878,31816,0.00015741125940251183,6.286145335680161e-05,9.454980604571022e-05,-1.0277347062193217e-05,0.00019937695915361365,1467858,0.0015916741976395065,1248634,219224,0.0038794394514325256,0.00236744152100135,0.0015119979304311754,0.0012811791840545495,0.0017428166768078013,2219.3982581668442,1880.5891147479429,2558.2074015857456,0.9200886942489763
DR-Learner,8,0.8,209694,4.546693004315722e-05,178038,31656,0.00012918590413282558,9.476876421531463e-05,3.4417139917510947e-05,-8.510971825982309e-05,0.00015394399809484497,1677552,0.001398398289189963,1426672,250880,0.0034114358450996443,0.002080676020408163,0.0013307598246914813,0.001128401980359301,0.0015331176690236616,2232.418805430844,1892.9529989557059,2571.8846119059817,0.9254865800436761
DR-Learner,9,0.9,209694,4.546693004315722e-05,177847,31847,0.00012932464421665815,6.28002637611078e-05,6.652438045555035e-05,-3.529920730261857e-05,0.00016834796821371927,1887246,0.0012480725826180955,1604519,282727,0.0030476423152359057,0.0018533779936122125,0.0011942643216236932,0.0010142339090173872,0.0013742947342299991,2253.8705639270283,1914.108887857428,2593.632239996629,0.9343797655688381
DR-Learner,10,1.0,209694,-0.0015217534708432546,177880,31814,0.0034686305374409714,0.002703212422204061,0.0007654181152369102,0.00013281531314001142,0.001398020917333809,2096940,0.0009710899772719603,1782399,314541,0.0030896561319884042,0.0019393338229356427,0.0011503223090527615,0.0009763154533005904,0.0013243291648049327,2412.156862745098,2047.27492664414,2777.0387988460557,1.0
