run_id,created_utc,status,outcome,candidate,candidate_family,config_hash,config_json,commit_sha,working_tree_dirty,working_tree_diff_sha256,data_sha256,development_index_sha256,eval_index_sha256,fold_seed,n_folds,pool_fraction,n_rows,n_treated,n_control,n_conversion_treated,n_conversion_control,policy_area_dr,policy_area_dr_adjusted,autoc_dr,autoc_dr_adjusted,rate_qini_dr,qini_score,auuc_score,uplift_calibration_error,doubly_robust_risk,score_mean,score_std,negative_score_fraction,unique_score_count,fit_seconds,predict_seconds,peak_process_rss_gb,min_system_available_ram_gb,max_system_memory_percent,python_version,numpy_version,pandas_version,sklearn_version,lightgbm_version,econml_version,failure_reason
causal-forest-kaggle-0p2,2026-08-05T16:28:42.669571+00:00,diagnostic,conversion,Causal-Forest-kaggle-safe,causal_forest,,"{""builder"": ""econml.dml.CausalForestDML"", ""cv"": 2, ""frac"": 0.2, ""honest"": true, ""inference"": false, ""max_samples"": 0.25, ""min_samples_leaf"": 500, ""model_t"": ""DummyClassifier(prior)"", ""n_estimators"": 200, ""profile"": ""kaggle-safe"", ""seed"": 42}",3129e3cdc5605a513f8819fbc7c6aeaf4df1b760,,not_recorded_historical,e4d7c710ca1f38e523309d0f8a0745d1b53e7392d51f20d1088b6cfeaef222ef,,,,0.0,0.2,838776.0,712960.0,125816.0,2203.0,244.0,0.001012753805376,,0.0037828232575527,,,0.1789642340467052,0.0057924841724712,,,0.0009208297248257,0.0039770866849055,0.1687864221198508,374442.0,512.7,62.3,5.518215179443359,24.93988800048828,,,,,,,,holdout khac final test Sprint 1; khong so voi bang release
causal-forest-kaggle-0p3,2026-08-05T16:44:03.005745+00:00,diagnostic,conversion,Causal-Forest-kaggle-safe,causal_forest,,"{""builder"": ""econml.dml.CausalForestDML"", ""cv"": 2, ""frac"": 0.3, ""honest"": true, ""inference"": false, ""max_samples"": 0.25, ""min_samples_leaf"": 500, ""model_t"": ""DummyClassifier(prior)"", ""n_estimators"": 200, ""profile"": ""kaggle-safe"", ""seed"": 42}",3129e3cdc5605a513f8819fbc7c6aeaf4df1b760,,not_recorded_historical,e4d7c710ca1f38e523309d0f8a0745d1b53e7392d51f20d1088b6cfeaef222ef,,,,0.0,0.3,1258164.0,1069439.0,188725.0,3304.0,366.0,0.000986454411707,,0.0038568255225747,,,0.1753147947752406,0.0056763162038584,,,0.0009568799473896,0.0038639921319774,0.2065382573337021,540877.0,834.7,71.1,7.879417419433594,22.582427978515625,,,,,,,,holdout khac final test Sprint 1; khong so voi bang release
causal-forest-kaggle-0p5,2026-08-05T17:10:49.285757+00:00,released,conversion,Causal-Forest-kaggle-safe,causal_forest,,"{""builder"": ""econml.dml.CausalForestDML"", ""cv"": 2, ""frac"": 0.5, ""honest"": true, ""inference"": false, ""max_samples"": 0.25, ""min_samples_leaf"": 500, ""model_t"": ""DummyClassifier(prior)"", ""n_estimators"": 200, ""profile"": ""kaggle-safe"", ""seed"": 42}",3129e3cdc5605a513f8819fbc7c6aeaf4df1b760,,not_recorded_historical,e4d7c710ca1f38e523309d0f8a0745d1b53e7392d51f20d1088b6cfeaef222ef,,,,0.0,0.5,2096940.0,1782399.0,314541.0,5507.0,610.0,0.0010056541837682,,0.0037198610209103,,,0.1746775726411572,0.0056482865198169,,,0.0009798189490605,0.0044824996390791,0.1964681869772144,912579.0,1499.0,92.6,12.72928237915039,4.989997863769531,,,,,,,,
sprint3-improvement-v1-finalist-Rank-K05,2026-08-04T18:42:56.938576+00:00,finalist,conversion,Rank-K05,rank_learner,64b26edac81f46e8,"{""builder"": ""rank_learner"", ""family"": ""rank_learner"", ""is_cate_scale"": false, ""name"": ""Rank-K05"", ""params"": {""cv"": 3, ""kappa_scale"": 0.5}}",d0069be719ebfe219416caa3c9d587432aadf14b,,not_recorded_historical,2716e1bf0fd157a93b5bf86924d9088419dfbac2022c6cd90030220634f616dc,8ff1ffcde973cb58df155f942b3f3cf9f386d64c019f18bf51a4df98aeedd476,8ff1ffcde973cb58df155f942b3f3cf9f386d64c019f18bf51a4df98aeedd476,101.0,3.0,1.0,5591836.0,4753061.0,838775.0,14684.0,1625.0,0.0007470952166383,0.0006594675034616,0.0021105510809059,0.001836543073472,0.0003839546392124,0.1759815718312882,0.0056987328845073,,,-0.0163943965702812,0.0248784628345624,0.7984175501570504,681506.0,638.2687643999961,14.326832999995531,3.058441162109375,1.5690193176269531,,3.12.10,2.4.6,2.3.3,1.6.1,4.7.0,0.16.0,
sprint3-improvement-v1-finalist-Rank-K05,2026-08-04T19:34:03.354909+00:00,finalist,conversion,Rank-K05,rank_learner,64b26edac81f46e8,"{""builder"": ""rank_learner"", ""family"": ""rank_learner"", ""is_cate_scale"": false, ""name"": ""Rank-K05"", ""params"": {""cv"": 3, ""kappa_scale"": 0.5}}",d0069be719ebfe219416caa3c9d587432aadf14b,,not_recorded_historical,2716e1bf0fd157a93b5bf86924d9088419dfbac2022c6cd90030220634f616dc,8ff1ffcde973cb58df155f942b3f3cf9f386d64c019f18bf51a4df98aeedd476,8ff1ffcde973cb58df155f942b3f3cf9f386d64c019f18bf51a4df98aeedd476,202.0,3.0,1.0,5591836.0,4753061.0,838775.0,14684.0,1625.0,0.0007946630557708,0.0006883320034377,0.0022273056946678,0.0019074683787697,0.0003992938797668,0.1780616715340023,0.0057625507291182,,,-0.016100098100575,0.0231275230695187,0.8065570950221,691773.0,641.035270999997,14.33154800000193,3.063282012939453,1.6012420654296875,,3.12.10,2.4.6,2.3.3,1.6.1,4.7.0,0.16.0,
sprint3-improvement-v1-finalist-Rank-K1,2026-08-04T18:31:54.142880+00:00,finalist,conversion,Rank-K1,rank_learner,461586447f29a8bc,"{""builder"": ""rank_learner"", ""family"": ""rank_learner"", ""is_cate_scale"": false, ""name"": ""Rank-K1"", ""params"": {""cv"": 3, ""kappa_scale"": 1.0}}",d0069be719ebfe219416caa3c9d587432aadf14b,,not_recorded_historical,2716e1bf0fd157a93b5bf86924d9088419dfbac2022c6cd90030220634f616dc,8ff1ffcde973cb58df155f942b3f3cf9f386d64c019f18bf51a4df98aeedd476,8ff1ffcde973cb58df155f942b3f3cf9f386d64c019f18bf51a4df98aeedd476,101.0,3.0,1.0,5591836.0,4753061.0,838775.0,14684.0,1625.0,0.0007708782513218,0.0006782773720039,0.0021834916972584,0.0018895214516723,0.0003795415178272,0.1769307632410623,0.0057271852843499,,,-0.0113602648660447,0.0152801508237807,0.8184807279755701,701981.0,642.7758394000011,13.975733800001764,2.668506622314453,1.5690193176269531,,3.12.10,2.4.6,2.3.3,1.6.1,4.7.0,0.16.0,
sprint3-improvement-v1-finalist-Rank-K1,2026-08-04T19:23:01.063383+00:00,finalist,conversion,Rank-K1,rank_learner,461586447f29a8bc,"{""builder"": ""rank_learner"", ""family"": ""rank_learner"", ""is_cate_scale"": false, ""name"": ""Rank-K1"", ""params"": {""cv"": 3, ""kappa_scale"": 1.0}}",d0069be719ebfe219416caa3c9d587432aadf14b,,not_recorded_historical,2716e1bf0fd157a93b5bf86924d9088419dfbac2022c6cd90030220634f616dc,8ff1ffcde973cb58df155f942b3f3cf9f386d64c019f18bf51a4df98aeedd476,8ff1ffcde973cb58df155f942b3f3cf9f386d64c019f18bf51a4df98aeedd476,202.0,3.0,1.0,5591836.0,4753061.0,838775.0,14684.0,1625.0,0.0008023959445549,0.0006930271287942,0.0022994259517967,0.0019613164916387,0.0003912631114359,0.1780031910807689,0.0057596566252378,,,-0.0113413832265596,0.014609042808006,0.827666262029144,712528.0,642.007247900001,14.187977499997942,2.651939392089844,1.6012420654296875,,3.12.10,2.4.6,2.3.3,1.6.1,4.7.0,0.16.0,
sprint3-improvement-v1-finalist-Rank-K2,2026-08-04T18:53:55.780756+00:00,finalist,conversion,Rank-K2,rank_learner,f9434b245bb8dd2b,"{""builder"": ""rank_learner"", ""family"": ""rank_learner"", ""is_cate_scale"": false, ""name"": ""Rank-K2"", ""params"": {""cv"": 3, ""kappa_scale"": 2.0}}",d0069be719ebfe219416caa3c9d587432aadf14b,,not_recorded_historical,2716e1bf0fd157a93b5bf86924d9088419dfbac2022c6cd90030220634f616dc,8ff1ffcde973cb58df155f942b3f3cf9f386d64c019f18bf51a4df98aeedd476,8ff1ffcde973cb58df155f942b3f3cf9f386d64c019f18bf51a4df98aeedd476,101.0,3.0,1.0,5591836.0,4753061.0,838775.0,14684.0,1625.0,0.0007927412954038,0.0006963664799884,0.0022567525121117,0.0019466157683245,0.0003774961094689,0.1778529720205946,0.0057553222781427,,,-0.007335401852532,0.0090509278248488,0.832903361257376,712869.0,638.1708065999992,13.76905429999897,3.2019081115722656,1.5507278442382812,,3.12.10,2.4.6,2.3.3,1.6.1,4.7.0,0.16.0,
sprint3-improvement-v1-finalist-Rank-K2,2026-08-04T19:45:04.968255+00:00,finalist,conversion,Rank-K2,rank_learner,f9434b245bb8dd2b,"{""builder"": ""rank_learner"", ""family"": ""rank_learner"", ""is_cate_scale"": false, ""name"": ""Rank-K2"", ""params"": {""cv"": 3, ""kappa_scale"": 2.0}}",d0069be719ebfe219416caa3c9d587432aadf14b,,not_recorded_historical,2716e1bf0fd157a93b5bf86924d9088419dfbac2022c6cd90030220634f616dc,8ff1ffcde973cb58df155f942b3f3cf9f386d64c019f18bf51a4df98aeedd476,8ff1ffcde973cb58df155f942b3f3cf9f386d64c019f18bf51a4df98aeedd476,202.0,3.0,1.0,5591836.0,4753061.0,838775.0,14684.0,1625.0,0.0008024707772012,0.0006929709378973,0.0022727236020122,0.0019187357972036,0.0003830916088374,0.1759125438591658,0.005691561272726,,,-0.0073605358906294,0.0088020906177162,0.8410260959012389,696947.0,640.1080218000025,13.86429450000287,3.2108383178710938,1.6012420654296875,,3.12.10,2.4.6,2.3.3,1.6.1,4.7.0,0.16.0,
sprint3-improvement-v1-finalist-Response,2026-08-04T18:27:00.399305+00:00,finalist,conversion,Response,response,2493f3f82d2d833e,"{""builder"": ""response"", ""family"": ""response"", ""is_cate_scale"": false, ""name"": ""Response"", ""params"": {}}",d0069be719ebfe219416caa3c9d587432aadf14b,,not_recorded_historical,2716e1bf0fd157a93b5bf86924d9088419dfbac2022c6cd90030220634f616dc,8ff1ffcde973cb58df155f942b3f3cf9f386d64c019f18bf51a4df98aeedd476,8ff1ffcde973cb58df155f942b3f3cf9f386d64c019f18bf51a4df98aeedd476,101.0,3.0,1.0,5591836.0,4753061.0,838775.0,14684.0,1625.0,0.0008518093594145,0.0007529909039472,0.0032193657082414,0.002843259737275,0.0004369388748965,0.1851458500921816,0.005991994598926,,,0.0029103280865875,0.0206310923906647,0.0,1288210.0,59.73292850000144,20.48266739999599,1.4522056579589844,2.1149673461914062,,3.12.10,2.4.6,2.3.3,1.6.1,4.7.0,0.16.0,
sprint3-improvement-v1-finalist-Response,2026-08-04T19:18:09.592365+00:00,finalist,conversion,Response,response,2493f3f82d2d833e,"{""builder"": ""response"", ""family"": ""response"", ""is_cate_scale"": false, ""name"": ""Response"", ""params"": {}}",d0069be719ebfe219416caa3c9d587432aadf14b,,not_recorded_historical,2716e1bf0fd157a93b5bf86924d9088419dfbac2022c6cd90030220634f616dc,8ff1ffcde973cb58df155f942b3f3cf9f386d64c019f18bf51a4df98aeedd476,8ff1ffcde973cb58df155f942b3f3cf9f386d64c019f18bf51a4df98aeedd476,202.0,3.0,1.0,5591836.0,4753061.0,838775.0,14684.0,1625.0,0.0008704103536715,0.0007569216055359,0.0033737249088432,0.002924668142511,0.0004459331311313,0.1849610761864487,0.0059852886511195,,,0.0029126095892648,0.0206623898828629,0.0,1257174.0,59.39870840000003,20.44599240000025,1.447246551513672,3.0913848876953125,,3.12.10,2.4.6,2.3.3,1.6.1,4.7.0,0.16.0,
sprint3-improvement-v1-finalist-S-Under7,2026-08-04T18:30:28.098188+00:00,finalist,conversion,S-Under7,s_learner,d26858072e33a18a,"{""builder"": ""s_learner"", ""family"": ""s_learner"", ""is_cate_scale"": true, ""name"": ""S-Under7"", ""params"": {""outcome"": ""classifier"", ""under"": 7.0}}",d0069be719ebfe219416caa3c9d587432aadf14b,,not_recorded_historical,2716e1bf0fd157a93b5bf86924d9088419dfbac2022c6cd90030220634f616dc,8ff1ffcde973cb58df155f942b3f3cf9f386d64c019f18bf51a4df98aeedd476,8ff1ffcde973cb58df155f942b3f3cf9f386d64c019f18bf51a4df98aeedd476,101.0,3.0,1.0,5591836.0,4753061.0,838775.0,14684.0,1625.0,0.0008294271298531,0.000729623219962,0.0029074142479835,0.0024548833880452,0.0004193384728487,0.1796575643396753,0.0058105590572949,0.0003771715628199,0.0144823456264621,0.0006073535701749,0.0023028936150666,0.0449954183205659,1465622.0,10.83958420000272,66.33079720000387,2.005897521972656,1.6249771118164062,,3.12.10,2.4.6,2.3.3,1.6.1,4.7.0,0.16.0,
sprint3-improvement-v1-finalist-S-Under7,2026-08-04T19:21:37.221553+00:00,finalist,conversion,S-Under7,s_learner,d26858072e33a18a,"{""builder"": ""s_learner"", ""family"": ""s_learner"", ""is_cate_scale"": true, ""name"": ""S-Under7"", ""params"": {""outcome"": ""classifier"", ""under"": 7.0}}",d0069be719ebfe219416caa3c9d587432aadf14b,,not_recorded_historical,2716e1bf0fd157a93b5bf86924d9088419dfbac2022c6cd90030220634f616dc,8ff1ffcde973cb58df155f942b3f3cf9f386d64c019f18bf51a4df98aeedd476,8ff1ffcde973cb58df155f942b3f3cf9f386d64c019f18bf51a4df98aeedd476,202.0,3.0,1.0,5591836.0,4753061.0,838775.0,14684.0,1625.0,0.0007988864024712,0.0006856832366857,0.0027713355210986,0.0022760433394333,0.0003887113100958,0.1641062167089093,0.0053049000321164,0.0003433029131347,0.0146084670440819,0.0006175939211023,0.0024155607256421,0.0477136668528905,1475553.0,10.46449009999924,64.51324340000428,2.0047569274902344,2.560932159423828,,3.12.10,2.4.6,2.3.3,1.6.1,4.7.0,0.16.0,
sprint3-improvement-v1-finalist-X-Renormalized,2026-08-04T18:28:28.424748+00:00,finalist,conversion,X-Renormalized,x_learner,65861f3be72d5840,"{""builder"": ""x_learner"", ""family"": ""x_learner"", ""is_cate_scale"": true, ""name"": ""X-Renormalized"", ""params"": {""outcome"": ""classifier"", ""propensity"": ""fixed"", ""under"": 7.0}}",d0069be719ebfe219416caa3c9d587432aadf14b,,not_recorded_historical,2716e1bf0fd157a93b5bf86924d9088419dfbac2022c6cd90030220634f616dc,8ff1ffcde973cb58df155f942b3f3cf9f386d64c019f18bf51a4df98aeedd476,8ff1ffcde973cb58df155f942b3f3cf9f386d64c019f18bf51a4df98aeedd476,101.0,3.0,1.0,5591836.0,4753061.0,838775.0,14684.0,1625.0,0.0008255293262913,0.0007253880224421,0.0031043110310897,0.0026377436354169,0.0004138668282342,0.1760288483619316,0.0056909073211744,0.0003725296162579,0.0144822462728129,0.0006180451367059,0.001981772751987,0.2417488638794127,1548970.0,33.07939760000227,77.61306019999756,1.4522056579589844,2.1149673461914062,,3.12.10,2.4.6,2.3.3,1.6.1,4.7.0,0.16.0,
sprint3-improvement-v1-finalist-X-Renormalized,2026-08-04T19:19:37.184584+00:00,finalist,conversion,X-Renormalized,x_learner,65861f3be72d5840,"{""builder"": ""x_learner"", ""family"": ""x_learner"", ""is_cate_scale"": true, ""name"": ""X-Renormalized"", ""params"": {""outcome"": ""classifier"", ""propensity"": ""fixed"", ""under"": 7.0}}",d0069be719ebfe219416caa3c9d587432aadf14b,,not_recorded_historical,2716e1bf0fd157a93b5bf86924d9088419dfbac2022c6cd90030220634f616dc,8ff1ffcde973cb58df155f942b3f3cf9f386d64c019f18bf51a4df98aeedd476,8ff1ffcde973cb58df155f942b3f3cf9f386d64c019f18bf51a4df98aeedd476,202.0,3.0,1.0,5591836.0,4753061.0,838775.0,14684.0,1625.0,0.0008438270415093,0.0007278774388733,0.0030991062234578,0.0025856936425498,0.0004205441600141,0.1766739760145437,0.0057125080616192,0.0004105838071252,0.0146077322468525,0.0006228109179255,0.0020343168846483,0.2671923854705324,1550954.0,34.07667059999949,76.81661539999914,1.447246551513672,3.0913848876953125,,3.12.10,2.4.6,2.3.3,1.6.1,4.7.0,0.16.0,
sprint3-improvement-v1-screen-DR-Binary-MC2,2026-08-04T18:00:38.121231+00:00,screen,conversion,DR-Binary-MC2,dr_learner,f39c15c5c01ca812,"{""builder"": ""dr_learner"", ""family"": ""dr_learner"", ""is_cate_scale"": true, ""name"": ""DR-Binary-MC2"", ""params"": {""cv"": 3, ""discrete_outcome"": true, ""mc_iters"": 2}}",d0069be719ebfe219416caa3c9d587432aadf14b,,not_recorded_historical,2716e1bf0fd157a93b5bf86924d9088419dfbac2022c6cd90030220634f616dc,7a68c9c4452d2b83114ce30a06b5e5fef6b50b089c045eac8601432cc60db3af,7a68c9c4452d2b83114ce30a06b5e5fef6b50b089c045eac8601432cc60db3af,101.0,3.0,0.2,1118367.0,950612.0,167755.0,2937.0,325.0,0.0005693880605679,0.0004859361600898,0.001765562208891,0.001452864805186,0.0001666776774825,0.0864845262878611,0.0027962463706058,0.0017537034487666,0.0148529571487449,0.0009192860055756,0.0078283358367283,0.1082578438026157,234070.0,171.82382710000456,8.274805600001855,1.1757774353027344,3.2494354248046875,,3.12.10,2.4.6,2.3.3,1.6.1,4.7.0,0.16.0,
sprint3-improvement-v1-screen-DR-Binary,2026-08-04T17:58:49.917565+00:00,screen,conversion,DR-Binary,dr_learner,2adcdc5ba15e0946,"{""builder"": ""dr_learner"", ""family"": ""dr_learner"", ""is_cate_scale"": true, ""name"": ""DR-Binary"", ""params"": {""cv"": 3, ""discrete_outcome"": true}}",d0069be719ebfe219416caa3c9d587432aadf14b,,not_recorded_historical,2716e1bf0fd157a93b5bf86924d9088419dfbac2022c6cd90030220634f616dc,7a68c9c4452d2b83114ce30a06b5e5fef6b50b089c045eac8601432cc60db3af,7a68c9c4452d2b83114ce30a06b5e5fef6b50b089c045eac8601432cc60db3af,101.0,3.0,0.2,1118367.0,950612.0,167755.0,2937.0,325.0,0.000554217525212,0.0004736874740105,0.00173349498045,0.0014423697834023,0.0001483192490434,0.0742323259593222,0.002397409023746,0.0017900101103517,0.0148526121581009,0.00092171797788,0.0078673585843782,0.1155729738091342,235158.0,98.7035551000008,8.262210900000355,1.1268539428710938,3.2494354248046875,,3.12.10,2.4.6,2.3.3,1.6.1,4.7.0,0.16.0,
sprint3-improvement-v1-screen-DR-Binary,2026-08-05T00:51:33.141374+00:00,screen,visit,DR-Binary,dr_learner,2adcdc5ba15e0946,"{""builder"": ""dr_learner"", ""family"": ""dr_learner"", ""is_cate_scale"": true, ""name"": ""DR-Binary"", ""params"": {""cv"": 3, ""discrete_outcome"": true}}",d0069be719ebfe219416caa3c9d587432aadf14b,,not_recorded_historical,2716e1bf0fd157a93b5bf86924d9088419dfbac2022c6cd90030220634f616dc,1eb89c741d84c2bb8726a8b977fd83f514702681407af96753a0cbbe2fbeb157,1eb89c741d84c2bb8726a8b977fd83f514702681407af96753a0cbbe2fbeb157,101.0,3.0,0.2,1118367.0,950612.0,167755.0,46207.0,6414.0,0.0050362998361432,0.0040476501654405,0.0145611469853489,0.0105491949864889,0.0021244029929896,0.0655305465971749,0.0256724966716877,0.0063587099438521,0.2083294905689732,0.0071563760639951,0.0328104426778131,0.1130469693758846,252938.0,183.439864400003,16.010329699995054,1.1726837158203125,3.949493408203125,,3.12.10,2.4.6,2.3.3,1.6.1,4.7.0,0.16.0,
sprint3-improvement-v1-screen-DR-Regression,2026-08-04T17:56:56.865623+00:00,screen,conversion,DR-Regression,dr_learner,8f05045f3837ccc8,"{""builder"": ""dr_learner"", ""family"": ""dr_learner"", ""is_cate_scale"": true, ""name"": ""DR-Regression"", ""params"": {""cv"": 3, ""discrete_outcome"": false}}",d0069be719ebfe219416caa3c9d587432aadf14b,,not_recorded_historical,2716e1bf0fd157a93b5bf86924d9088419dfbac2022c6cd90030220634f616dc,7a68c9c4452d2b83114ce30a06b5e5fef6b50b089c045eac8601432cc60db3af,7a68c9c4452d2b83114ce30a06b5e5fef6b50b089c045eac8601432cc60db3af,101.0,3.0,0.2,1118367.0,950612.0,167755.0,2937.0,325.0,0.000569949807144,0.0004922144705992,0.0018624156111654,0.0016011949174148,0.0001527960474609,0.0768442529887099,0.0024829718377548,0.0017249062748918,0.0148483407280619,0.0008690839087425,0.0076786910189607,0.1505239335566947,233901.0,103.09710160000031,8.733916499997576,1.1091423034667969,3.2494354248046875,,3.12.10,2.4.6,2.3.3,1.6.1,4.7.0,0.16.0,
sprint3-improvement-v1-screen-R-Binary,2026-08-04T18:05:09.509980+00:00,screen,conversion,R-Binary,r_learner,5306f4501f6ba2fa,"{""builder"": ""r_learner"", ""family"": ""r_learner"", ""is_cate_scale"": true, ""name"": ""R-Binary"", ""params"": {""cv"": 3, ""discrete_outcome"": true}}",d0069be719ebfe219416caa3c9d587432aadf14b,,not_recorded_historical,2716e1bf0fd157a93b5bf86924d9088419dfbac2022c6cd90030220634f616dc,7a68c9c4452d2b83114ce30a06b5e5fef6b50b089c045eac8601432cc60db3af,7a68c9c4452d2b83114ce30a06b5e5fef6b50b089c045eac8601432cc60db3af,101.0,3.0,0.2,1118367.0,950612.0,167755.0,2937.0,325.0,0.0005520276444862,0.0004762332260197,0.0017638364382488,0.0015114335755211,0.0001519607495358,0.0677426389708469,0.0021906195776322,0.0018210961077327,0.0148541414707839,0.0009283972376521,0.0079717479564169,0.1675523329998113,275583.0,83.65554530000009,7.250226899999689,1.1757774353027344,3.2494354248046875,,3.12.10,2.4.6,2.3.3,1.6.1,4.7.0,0.16.0,
sprint3-improvement-v1-screen-R-Binary,2026-08-05T00:54:54.771125+00:00,screen,visit,R-Binary,r_learner,5306f4501f6ba2fa,"{""builder"": ""r_learner"", ""family"": ""r_learner"", ""is_cate_scale"": true, ""name"": ""R-Binary"", ""params"": {""cv"": 3, ""discrete_outcome"": true}}",d0069be719ebfe219416caa3c9d587432aadf14b,,not_recorded_historical,2716e1bf0fd157a93b5bf86924d9088419dfbac2022c6cd90030220634f616dc,1eb89c741d84c2bb8726a8b977fd83f514702681407af96753a0cbbe2fbeb157,1eb89c741d84c2bb8726a8b977fd83f514702681407af96753a0cbbe2fbeb157,101.0,3.0,0.2,1118367.0,950612.0,167755.0,46207.0,6414.0,0.0048377834642144,0.0038572472862782,0.0139816171506674,0.0100230284785005,0.0018984002928554,0.0572233262136575,0.0223974572597365,0.0075131162710898,0.2083498004898926,0.00719456182335,0.0333688375251654,0.112496166285307,265899.0,149.93139260000316,14.169681600003967,1.1726837158203125,3.897792816162109,,3.12.10,2.4.6,2.3.3,1.6.1,4.7.0,0.16.0,
sprint3-improvement-v1-screen-R-Regression,2026-08-04T18:03:39.423843+00:00,screen,conversion,R-Regression,r_learner,736bffedeb5a9a61,"{""builder"": ""r_learner"", ""family"": ""r_learner"", ""is_cate_scale"": true, ""name"": ""R-Regression"", ""params"": {""cv"": 3, ""discrete_outcome"": false}}",d0069be719ebfe219416caa3c9d587432aadf14b,,not_recorded_historical,2716e1bf0fd157a93b5bf86924d9088419dfbac2022c6cd90030220634f616dc,7a68c9c4452d2b83114ce30a06b5e5fef6b50b089c045eac8601432cc60db3af,7a68c9c4452d2b83114ce30a06b5e5fef6b50b089c045eac8601432cc60db3af,101.0,3.0,0.2,1118367.0,950612.0,167755.0,2937.0,325.0,0.0005223512370501,0.000439131043339,0.0017631402782539,0.0014665483588428,0.0001273661533949,0.0587257558934458,0.0018962652855256,0.0018579695101754,0.0148502735033671,0.0009075093591727,0.0078395089283567,0.1635330799281452,276747.0,81.28803640000115,7.456958599996142,1.1757774353027344,3.2494354248046875,,3.12.10,2.4.6,2.3.3,1.6.1,4.7.0,0.16.0,
sprint3-improvement-v1-screen-Rank-K05,2026-08-04T18:08:33.657132+00:00,screen,conversion,Rank-K05,rank_learner,64b26edac81f46e8,"{""builder"": ""rank_learner"", ""family"": ""rank_learner"", ""is_cate_scale"": false, ""name"": ""Rank-K05"", ""params"": {""cv"": 3, ""kappa_scale"": 0.5}}",d0069be719ebfe219416caa3c9d587432aadf14b,,not_recorded_historical,2716e1bf0fd157a93b5bf86924d9088419dfbac2022c6cd90030220634f616dc,7a68c9c4452d2b83114ce30a06b5e5fef6b50b089c045eac8601432cc60db3af,7a68c9c4452d2b83114ce30a06b5e5fef6b50b089c045eac8601432cc60db3af,101.0,3.0,0.2,1118367.0,950612.0,167755.0,2937.0,325.0,0.0006980777458126,0.0006173948860807,0.0021095015552794,0.0018742368466902,0.0003682123424773,0.1695794050097228,0.0054888179300633,,,-0.0227423613829391,0.0254882438264823,0.8267330849354461,227662.0,108.46626710000056,2.488654800003133,1.2544097900390625,3.2494354248046875,,3.12.10,2.4.6,2.3.3,1.6.1,4.7.0,0.16.0,
sprint3-improvement-v1-screen-Rank-K1,2026-08-04T18:06:41.763476+00:00,screen,conversion,Rank-K1,rank_learner,461586447f29a8bc,"{""builder"": ""rank_learner"", ""family"": ""rank_learner"", ""is_cate_scale"": false, ""name"": ""Rank-K1"", ""params"": {""cv"": 3, ""kappa_scale"": 1.0}}",d0069be719ebfe219416caa3c9d587432aadf14b,,not_recorded_historical,2716e1bf0fd157a93b5bf86924d9088419dfbac2022c6cd90030220634f616dc,7a68c9c4452d2b83114ce30a06b5e5fef6b50b089c045eac8601432cc60db3af,7a68c9c4452d2b83114ce30a06b5e5fef6b50b089c045eac8601432cc60db3af,101.0,3.0,0.2,1118367.0,950612.0,167755.0,2937.0,325.0,0.0006938596797026,0.0006121640751854,0.0022276157621412,0.0019564357237703,0.0003662754241306,0.1688610642298853,0.0054643039927332,,,-0.0156217945059929,0.0149961679225978,0.8601004857975959,233585.0,108.263950499997,2.4283700000014505,1.1757774353027344,3.2494354248046875,,3.12.10,2.4.6,2.3.3,1.6.1,4.7.0,0.16.0,
sprint3-improvement-v1-screen-Rank-K2,2026-08-04T18:10:25.806213+00:00,screen,conversion,Rank-K2,rank_learner,f9434b245bb8dd2b,"{""builder"": ""rank_learner"", ""family"": ""rank_learner"", ""is_cate_scale"": false, ""name"": ""Rank-K2"", ""params"": {""cv"": 3, ""kappa_scale"": 2.0}}",d0069be719ebfe219416caa3c9d587432aadf14b,,not_recorded_historical,2716e1bf0fd157a93b5bf86924d9088419dfbac2022c6cd90030220634f616dc,7a68c9c4452d2b83114ce30a06b5e5fef6b50b089c045eac8601432cc60db3af,7a68c9c4452d2b83114ce30a06b5e5fef6b50b089c045eac8601432cc60db3af,101.0,3.0,0.2,1118367.0,950612.0,167755.0,2937.0,325.0,0.0006873304182936,0.0006053902252965,0.0020297114237054,0.0017728599259605,0.0003544674400771,0.1653351713119276,0.0053502635079217,,,-0.009906541592823,0.0087357670689366,0.875381694917679,230969.0,109.3254717000018,2.442986900001415,1.2920799255371094,3.2494354248046875,,3.12.10,2.4.6,2.3.3,1.6.1,4.7.0,0.16.0,
sprint3-improvement-v1-screen-Response,2026-08-04T17:55:40.089315+00:00,screen,conversion,Response,response,2493f3f82d2d833e,"{""builder"": ""response"", ""family"": ""response"", ""is_cate_scale"": false, ""name"": ""Response"", ""params"": {}}",d0069be719ebfe219416caa3c9d587432aadf14b,,not_recorded_historical,2716e1bf0fd157a93b5bf86924d9088419dfbac2022c6cd90030220634f616dc,7a68c9c4452d2b83114ce30a06b5e5fef6b50b089c045eac8601432cc60db3af,7a68c9c4452d2b83114ce30a06b5e5fef6b50b089c045eac8601432cc60db3af,101.0,3.0,0.2,1118367.0,950612.0,167755.0,2937.0,325.0,0.0007658465715232,0.0006830319153753,0.0027290253487355,0.002420189813888,0.0003950169863115,0.176840920576614,0.0057223182435135,,,0.0028990100404396,0.0206576275444332,0.0,330432.0,13.026691700004449,5.585052199996426,0.8651046752929688,3.789794921875,,3.12.10,2.4.6,2.3.3,1.6.1,4.7.0,0.16.0,
sprint3-improvement-v1-screen-Response,2026-08-05T00:49:13.964875+00:00,screen,visit,Response,response,2493f3f82d2d833e,"{""builder"": ""response"", ""family"": ""response"", ""is_cate_scale"": false, ""name"": ""Response"", ""params"": {}}",d0069be719ebfe219416caa3c9d587432aadf14b,,not_recorded_historical,2716e1bf0fd157a93b5bf86924d9088419dfbac2022c6cd90030220634f616dc,1eb89c741d84c2bb8726a8b977fd83f514702681407af96753a0cbbe2fbeb157,1eb89c741d84c2bb8726a8b977fd83f514702681407af96753a0cbbe2fbeb157,101.0,3.0,0.2,1118367.0,950612.0,167755.0,46207.0,6414.0,0.0051328507690432,0.0042841349350926,0.0136003963129618,0.0110671962938925,0.0028553020350504,0.0811385054725084,0.0319091484901423,,,0.0470477395495026,0.1228763124066151,0.0,348616.0,23.172295400006988,10.216485499993723,0.8961067199707031,4.3730010986328125,,3.12.10,2.4.6,2.3.3,1.6.1,4.7.0,0.16.0,
sprint3-improvement-v1-screen-S-Under7,2026-08-04T17:56:17.503359+00:00,screen,conversion,S-Under7,s_learner,d26858072e33a18a,"{""builder"": ""s_learner"", ""family"": ""s_learner"", ""is_cate_scale"": true, ""name"": ""S-Under7"", ""params"": {""outcome"": ""classifier"", ""under"": 7.0}}",d0069be719ebfe219416caa3c9d587432aadf14b,,not_recorded_historical,2716e1bf0fd157a93b5bf86924d9088419dfbac2022c6cd90030220634f616dc,7a68c9c4452d2b83114ce30a06b5e5fef6b50b089c045eac8601432cc60db3af,7a68c9c4452d2b83114ce30a06b5e5fef6b50b089c045eac8601432cc60db3af,101.0,3.0,0.2,1118367.0,950612.0,167755.0,2937.0,325.0,0.000671036418674,0.000588685694333,0.0021900237604389,0.0019296425357142,0.0003010136633408,0.1293754975932106,0.0041892695056773,0.000457898763333,0.0148133115873404,0.0005730389193858,0.0022529516020781,0.0485314749093991,360138.0,3.064665899997636,16.56142290000207,0.974761962890625,3.559986114501953,,3.12.10,2.4.6,2.3.3,1.6.1,4.7.0,0.16.0,
sprint3-improvement-v1-screen-S-Under7,2026-08-05T00:50:25.062953+00:00,screen,visit,S-Under7,s_learner,d26858072e33a18a,"{""builder"": ""s_learner"", ""family"": ""s_learner"", ""is_cate_scale"": true, ""name"": ""S-Under7"", ""params"": {""outcome"": ""classifier"", ""under"": 7.0}}",d0069be719ebfe219416caa3c9d587432aadf14b,,not_recorded_historical,2716e1bf0fd157a93b5bf86924d9088419dfbac2022c6cd90030220634f616dc,1eb89c741d84c2bb8726a8b977fd83f514702681407af96753a0cbbe2fbeb157,1eb89c741d84c2bb8726a8b977fd83f514702681407af96753a0cbbe2fbeb157,101.0,3.0,0.2,1118367.0,950612.0,167755.0,46207.0,6414.0,0.0046032574684748,0.0038553616405527,0.0126569747787349,0.0103341709659203,0.0026246077757301,0.0767372371981443,0.0301690116233483,0.0066382005049666,0.2081693223467961,0.0032455808749667,0.0061654866650179,0.0324544626227347,365182.0,5.478842099997564,27.23753399999987,1.0363235473632812,4.319087982177734,,3.12.10,2.4.6,2.3.3,1.6.1,4.7.0,0.16.0,
sprint3-improvement-v1-screen-T-Under7,2026-08-04T17:56:38.640632+00:00,screen,conversion,T-Under7,t_learner,ab050f537809d2ac,"{""builder"": ""t_learner"", ""family"": ""t_learner"", ""is_cate_scale"": true, ""name"": ""T-Under7"", ""params"": {""outcome"": ""classifier"", ""under"": 7.0}}",d0069be719ebfe219416caa3c9d587432aadf14b,,not_recorded_historical,2716e1bf0fd157a93b5bf86924d9088419dfbac2022c6cd90030220634f616dc,7a68c9c4452d2b83114ce30a06b5e5fef6b50b089c045eac8601432cc60db3af,7a68c9c4452d2b83114ce30a06b5e5fef6b50b089c045eac8601432cc60db3af,101.0,3.0,0.2,1118367.0,950612.0,167755.0,2937.0,325.0,0.0005191414409086,0.0004666614083054,0.0016168291320004,0.0014538630708576,0.0001068587677318,0.0447942967263502,0.0014578692544683,0.0014921586460867,0.0148500172071979,0.0002779474132877,0.0070488272942902,0.2316484660223343,376253.0,2.9905192000005627,13.69209690000207,0.974761962890625,3.559986114501953,,3.12.10,2.4.6,2.3.3,1.6.1,4.7.0,0.16.0,
sprint3-improvement-v1-screen-T-Under7,2026-08-05T00:51:00.300189+00:00,screen,visit,T-Under7,t_learner,ab050f537809d2ac,"{""builder"": ""t_learner"", ""family"": ""t_learner"", ""is_cate_scale"": true, ""name"": ""T-Under7"", ""params"": {""outcome"": ""classifier"", ""under"": 7.0}}",d0069be719ebfe219416caa3c9d587432aadf14b,,not_recorded_historical,2716e1bf0fd157a93b5bf86924d9088419dfbac2022c6cd90030220634f616dc,1eb89c741d84c2bb8726a8b977fd83f514702681407af96753a0cbbe2fbeb157,1eb89c741d84c2bb8726a8b977fd83f514702681407af96753a0cbbe2fbeb157,101.0,3.0,0.2,1118367.0,950612.0,167755.0,46207.0,6414.0,0.0041146086394461,0.0033886830306809,0.0107826404637947,0.0085251733887741,0.0020203053359485,0.0607625345862414,0.0239032249847802,0.0065371241244766,0.2081780157397476,0.0033504266851314,0.0087051466587297,0.1948895130131701,393575.0,5.9447532999984105,24.326173500005098,1.0363235473632812,4.319087982177734,,3.12.10,2.4.6,2.3.3,1.6.1,4.7.0,0.16.0,
sprint3-improvement-v1-screen-X-Renormalized,2026-08-04T17:56:00.025087+00:00,screen,conversion,X-Renormalized,x_learner,65861f3be72d5840,"{""builder"": ""x_learner"", ""family"": ""x_learner"", ""is_cate_scale"": true, ""name"": ""X-Renormalized"", ""params"": {""outcome"": ""classifier"", ""propensity"": ""fixed"", ""under"": 7.0}}",d0069be719ebfe219416caa3c9d587432aadf14b,,not_recorded_historical,2716e1bf0fd157a93b5bf86924d9088419dfbac2022c6cd90030220634f616dc,7a68c9c4452d2b83114ce30a06b5e5fef6b50b089c045eac8601432cc60db3af,7a68c9c4452d2b83114ce30a06b5e5fef6b50b089c045eac8601432cc60db3af,101.0,3.0,0.2,1118367.0,950612.0,167755.0,2937.0,325.0,0.0006927028247637,0.0006171352924939,0.0022014388896835,0.0019584323969715,0.0003333188780864,0.1516000612958937,0.0049039842139784,0.000493307619974,0.0148148821645424,0.0005910284338946,0.001651772112083,0.3593721917760449,334853.0,6.499725800000306,9.436660199997275,0.8651046752929688,3.756572723388672,,3.12.10,2.4.6,2.3.3,1.6.1,4.7.0,0.16.0,
sprint3-improvement-v1-screen-X-Renormalized,2026-08-05T00:49:49.661051+00:00,screen,visit,X-Renormalized,x_learner,65861f3be72d5840,"{""builder"": ""x_learner"", ""family"": ""x_learner"", ""is_cate_scale"": true, ""name"": ""X-Renormalized"", ""params"": {""outcome"": ""classifier"", ""propensity"": ""fixed"", ""under"": 7.0}}",d0069be719ebfe219416caa3c9d587432aadf14b,,not_recorded_historical,2716e1bf0fd157a93b5bf86924d9088419dfbac2022c6cd90030220634f616dc,1eb89c741d84c2bb8726a8b977fd83f514702681407af96753a0cbbe2fbeb157,1eb89c741d84c2bb8726a8b977fd83f514702681407af96753a0cbbe2fbeb157,101.0,3.0,0.2,1118367.0,950612.0,167755.0,46207.0,6414.0,0.0048397880415083,0.0040226766517239,0.0130567577556714,0.010627090781184,0.0025765897184794,0.080351216209476,0.0315427081248654,0.0068193608612997,0.2081778100181645,0.0033401065553058,0.0052840415028957,0.1825170091749846,371466.0,13.590707200004545,19.213299799994275,0.8961067199707031,4.3730010986328125,,3.12.10,2.4.6,2.3.3,1.6.1,4.7.0,0.16.0,
sprint3-improvement-v1-smoke-DR-Binary-MC2,2026-08-04T17:53:57.079434+00:00,smoke,conversion,DR-Binary-MC2,dr_learner,f39c15c5c01ca812,"{""builder"": ""dr_learner"", ""family"": ""dr_learner"", ""is_cate_scale"": true, ""name"": ""DR-Binary-MC2"", ""params"": {""cv"": 3, ""discrete_outcome"": true, ""mc_iters"": 2}}",d0069be719ebfe219416caa3c9d587432aadf14b,,not_recorded_historical,2716e1bf0fd157a93b5bf86924d9088419dfbac2022c6cd90030220634f616dc,b033a1e8094e514df085e28e808c818582ed6393095203741c1df5acf3312595,b033a1e8094e514df085e28e808c818582ed6393095203741c1df5acf3312595,101.0,3.0,0.01,55919.0,47531.0,8388.0,147.0,16.0,0.0009911954248555,0.0007829342306631,0.003829575058327,0.0027828975820193,0.0005365886244661,0.2311760447914937,0.0074826974885255,0.0028416305626108,0.016171481428669,0.0007257776368829,0.0080135251897724,0.4892076038555768,20291.0,8.123268799998186,0.2145855000017036,0.6787071228027344,3.768886566162109,,3.12.10,2.4.6,2.3.3,1.6.1,4.7.0,0.16.0,
sprint3-improvement-v1-smoke-DR-Binary,2026-08-04T17:53:52.034175+00:00,smoke,conversion,DR-Binary,dr_learner,2adcdc5ba15e0946,"{""builder"": ""dr_learner"", ""family"": ""dr_learner"", ""is_cate_scale"": true, ""name"": ""DR-Binary"", ""params"": {""cv"": 3, ""discrete_outcome"": true}}",d0069be719ebfe219416caa3c9d587432aadf14b,,not_recorded_historical,2716e1bf0fd157a93b5bf86924d9088419dfbac2022c6cd90030220634f616dc,b033a1e8094e514df085e28e808c818582ed6393095203741c1df5acf3312595,b033a1e8094e514df085e28e808c818582ed6393095203741c1df5acf3312595,101.0,3.0,0.01,55919.0,47531.0,8388.0,147.0,16.0,0.0009955613791355,0.0008018843182368,0.0040445915860698,0.0030551577428893,0.0005694527176888,0.2419725125404297,0.0078380137162778,0.0026133110726537,0.0161728222444143,0.0007347824977331,0.0078694228580067,0.4978987464010443,20561.0,4.7370843999997305,0.2256946000015887,0.6661796569824219,3.768886566162109,,3.12.10,2.4.6,2.3.3,1.6.1,4.7.0,0.16.0,
sprint3-improvement-v1-smoke-DR-Regression,2026-08-04T17:53:47.740206+00:00,smoke,conversion,DR-Regression,dr_learner,8f05045f3837ccc8,"{""builder"": ""dr_learner"", ""family"": ""dr_learner"", ""is_cate_scale"": true, ""name"": ""DR-Regression"", ""params"": {""cv"": 3, ""discrete_outcome"": false}}",d0069be719ebfe219416caa3c9d587432aadf14b,,not_recorded_historical,2716e1bf0fd157a93b5bf86924d9088419dfbac2022c6cd90030220634f616dc,b033a1e8094e514df085e28e808c818582ed6393095203741c1df5acf3312595,b033a1e8094e514df085e28e808c818582ed6393095203741c1df5acf3312595,101.0,3.0,0.01,55919.0,47531.0,8388.0,147.0,16.0,0.0010566801664376,0.0008261757356848,0.0040162553207769,0.00305825976596,0.0006597903829383,0.2852646729530521,0.0092411213452985,0.0025369164271496,0.0161752596326056,0.0008302194125799,0.0082375569455233,0.4683560149501958,20654.0,3.992852700001096,0.2191601000013179,0.66180419921875,3.768886566162109,,3.12.10,2.4.6,2.3.3,1.6.1,4.7.0,0.16.0,
sprint3-improvement-v1-smoke-R-Binary,2026-08-04T17:54:08.966624+00:00,smoke,conversion,R-Binary,r_learner,5306f4501f6ba2fa,"{""builder"": ""r_learner"", ""family"": ""r_learner"", ""is_cate_scale"": true, ""name"": ""R-Binary"", ""params"": {""cv"": 3, ""discrete_outcome"": true}}",d0069be719ebfe219416caa3c9d587432aadf14b,,not_recorded_historical,2716e1bf0fd157a93b5bf86924d9088419dfbac2022c6cd90030220634f616dc,b033a1e8094e514df085e28e808c818582ed6393095203741c1df5acf3312595,b033a1e8094e514df085e28e808c818582ed6393095203741c1df5acf3312595,101.0,3.0,0.01,55919.0,47531.0,8388.0,147.0,16.0,0.0009653612491775,0.0007886917723992,0.0038408913288656,0.0029196626024844,0.0004721751198768,0.2027567147069412,0.0065594228538456,0.00256259217802,0.016173294670856,0.0008746415402689,0.0070084132747168,0.4061589084211091,12728.0,3.710516799998004,0.1298709000002418,0.6821556091308594,3.768886566162109,,3.12.10,2.4.6,2.3.3,1.6.1,4.7.0,0.16.0,
sprint3-improvement-v1-smoke-R-Regression,2026-08-04T17:54:05.496081+00:00,smoke,conversion,R-Regression,r_learner,736bffedeb5a9a61,"{""builder"": ""r_learner"", ""family"": ""r_learner"", ""is_cate_scale"": true, ""name"": ""R-Regression"", ""params"": {""cv"": 3, ""discrete_outcome"": false}}",d0069be719ebfe219416caa3c9d587432aadf14b,,not_recorded_historical,2716e1bf0fd157a93b5bf86924d9088419dfbac2022c6cd90030220634f616dc,b033a1e8094e514df085e28e808c818582ed6393095203741c1df5acf3312595,b033a1e8094e514df085e28e808c818582ed6393095203741c1df5acf3312595,101.0,3.0,0.01,55919.0,47531.0,8388.0,147.0,16.0,0.0011119475950822,0.0008829484713121,0.0039655353645264,0.0029821608880043,0.0006013802662407,0.2542402755468512,0.0082236759627946,0.002198296328684,0.0161748244162052,0.0009445389256451,0.0073645553256724,0.4123285466478299,12969.0,3.238417399996252,0.1513095000045723,0.6803474426269531,3.768886566162109,,3.12.10,2.4.6,2.3.3,1.6.1,4.7.0,0.16.0,
sprint3-improvement-v1-smoke-Rank-K05,2026-08-04T17:54:17.248355+00:00,smoke,conversion,Rank-K05,rank_learner,64b26edac81f46e8,"{""builder"": ""rank_learner"", ""family"": ""rank_learner"", ""is_cate_scale"": false, ""name"": ""Rank-K05"", ""params"": {""cv"": 3, ""kappa_scale"": 0.5}}",d0069be719ebfe219416caa3c9d587432aadf14b,,not_recorded_historical,2716e1bf0fd157a93b5bf86924d9088419dfbac2022c6cd90030220634f616dc,b033a1e8094e514df085e28e808c818582ed6393095203741c1df5acf3312595,b033a1e8094e514df085e28e808c818582ed6393095203741c1df5acf3312595,101.0,3.0,0.01,55919.0,47531.0,8388.0,147.0,16.0,0.000808728956513,0.0006005886092878,0.0027742446715467,0.0019401914180457,0.0003808257679567,0.1701635455519439,0.005486616840954,,,-0.0327184881347265,0.0320666424851815,0.8717609399309716,25911.0,4.614605599999777,0.1092798000026959,0.68438720703125,3.712215423583984,,3.12.10,2.4.6,2.3.3,1.6.1,4.7.0,0.16.0,
sprint3-improvement-v1-smoke-Rank-K1,2026-08-04T17:54:12.883463+00:00,smoke,conversion,Rank-K1,rank_learner,461586447f29a8bc,"{""builder"": ""rank_learner"", ""family"": ""rank_learner"", ""is_cate_scale"": false, ""name"": ""Rank-K1"", ""params"": {""cv"": 3, ""kappa_scale"": 1.0}}",d0069be719ebfe219416caa3c9d587432aadf14b,,not_recorded_historical,2716e1bf0fd157a93b5bf86924d9088419dfbac2022c6cd90030220634f616dc,b033a1e8094e514df085e28e808c818582ed6393095203741c1df5acf3312595,b033a1e8094e514df085e28e808c818582ed6393095203741c1df5acf3312595,101.0,3.0,0.01,55919.0,47531.0,8388.0,147.0,16.0,0.0008181873501762,0.0005895422657468,0.0034044631048642,0.0025722059917095,0.0004008682321646,0.1733343990445281,0.0055877654333294,,,-0.0224689927078707,0.0204105836471926,0.8873012750585668,25977.0,4.176798799999233,0.1086531000000832,0.68438720703125,3.763595581054688,,3.12.10,2.4.6,2.3.3,1.6.1,4.7.0,0.16.0,
sprint3-improvement-v1-smoke-Rank-K2,2026-08-04T17:54:22.053950+00:00,smoke,conversion,Rank-K2,rank_learner,f9434b245bb8dd2b,"{""builder"": ""rank_learner"", ""family"": ""rank_learner"", ""is_cate_scale"": false, ""name"": ""Rank-K2"", ""params"": {""cv"": 3, ""kappa_scale"": 2.0}}",d0069be719ebfe219416caa3c9d587432aadf14b,,not_recorded_historical,2716e1bf0fd157a93b5bf86924d9088419dfbac2022c6cd90030220634f616dc,b033a1e8094e514df085e28e808c818582ed6393095203741c1df5acf3312595,b033a1e8094e514df085e28e808c818582ed6393095203741c1df5acf3312595,101.0,3.0,0.01,55919.0,47531.0,8388.0,147.0,16.0,0.0007489015275841,0.0005231500272603,0.0031216889198891,0.0023821070527999,0.000390429861313,0.1625555080348983,0.0052395305783522,,,-0.0155215457391065,0.0127374208887756,0.9080634489171838,24591.0,4.12417390000337,0.1087413999957789,0.68438720703125,3.712215423583984,,3.12.10,2.4.6,2.3.3,1.6.1,4.7.0,0.16.0,
sprint3-improvement-v1-smoke-Response,2026-08-05T00:43:20.485812+00:00,smoke,conversion,Response,response,2493f3f82d2d833e,"{""builder"": ""response"", ""family"": ""response"", ""is_cate_scale"": false, ""name"": ""Response"", ""params"": {}}",d0069be719ebfe219416caa3c9d587432aadf14b,,not_recorded_historical,2716e1bf0fd157a93b5bf86924d9088419dfbac2022c6cd90030220634f616dc,9964afa32aab221278c0fb2cf33bc367c1a088511d3b1c301294084068468d4e,9964afa32aab221278c0fb2cf33bc367c1a088511d3b1c301294084068468d4e,101.0,3.0,0.005,27959.0,23765.0,4194.0,73.0,8.0,0.000444361790065,0.0002459600951439,0.0017969018367076,0.0003778681002064,0.0002025743336774,0.1424272273420799,0.0045799985613449,,,0.002795644476842,0.0166209696368034,0.0,9440.0,0.9931578999894556,0.2195821999994223,0.6436614990234375,4.914371490478516,,3.12.10,2.4.6,2.3.3,1.6.1,4.7.0,0.16.0,
sprint3-improvement-v1-smoke-S-Under7,2026-08-04T17:53:46.875659+00:00,failed,conversion,S-Under7,s_learner,d26858072e33a18a,"{""builder"": ""s_learner"", ""family"": ""s_learner"", ""is_cate_scale"": true, ""name"": ""S-Under7"", ""params"": {""outcome"": ""classifier"", ""under"": 7.0}}",d0069be719ebfe219416caa3c9d587432aadf14b,,not_recorded_historical,2716e1bf0fd157a93b5bf86924d9088419dfbac2022c6cd90030220634f616dc,b033a1e8094e514df085e28e808c818582ed6393095203741c1df5acf3312595,b033a1e8094e514df085e28e808c818582ed6393095203741c1df5acf3312595,101.0,3.0,0.01,55919.0,47531.0,8388.0,147.0,16.0,,,,,,,,,,,,,,0.1783744999993359,0.2846892000015941,0.6519775390625,3.768886566162109,,3.12.10,2.4.6,2.3.3,1.6.1,4.7.0,0.16.0,constant_score
sprint3-improvement-v1-smoke-T-Under7,2026-08-05T00:43:21.795868+00:00,smoke,conversion,T-Under7,t_learner,ab050f537809d2ac,"{""builder"": ""t_learner"", ""family"": ""t_learner"", ""is_cate_scale"": true, ""name"": ""T-Under7"", ""params"": {""outcome"": ""classifier"", ""under"": 7.0}}",d0069be719ebfe219416caa3c9d587432aadf14b,,not_recorded_historical,2716e1bf0fd157a93b5bf86924d9088419dfbac2022c6cd90030220634f616dc,9964afa32aab221278c0fb2cf33bc367c1a088511d3b1c301294084068468d4e,9964afa32aab221278c0fb2cf33bc367c1a088511d3b1c301294084068468d4e,101.0,3.0,0.005,27959.0,23765.0,4194.0,73.0,8.0,0.0004624896315993,0.0002695358407078,0.0024680873628224,0.0012259183957117,0.0001838821554109,0.1330624839356803,0.0042636153921526,0.0026865392900046,0.0157997163181847,0.0006234380389825,0.0078959856837236,0.8482063020851962,3000.0,0.1843864000038593,0.093623300002946,0.6436614990234375,4.914371490478516,,3.12.10,2.4.6,2.3.3,1.6.1,4.7.0,0.16.0,
sprint3-improvement-v1-smoke-X-Renormalized,2026-08-04T17:53:46.602191+00:00,failed,conversion,X-Renormalized,x_learner,65861f3be72d5840,"{""builder"": ""x_learner"", ""family"": ""x_learner"", ""is_cate_scale"": true, ""name"": ""X-Renormalized"", ""params"": {""outcome"": ""classifier"", ""propensity"": ""fixed"", ""under"": 7.0}}",d0069be719ebfe219416caa3c9d587432aadf14b,,not_recorded_historical,2716e1bf0fd157a93b5bf86924d9088419dfbac2022c6cd90030220634f616dc,b033a1e8094e514df085e28e808c818582ed6393095203741c1df5acf3312595,b033a1e8094e514df085e28e808c818582ed6393095203741c1df5acf3312595,101.0,3.0,0.01,55919.0,47531.0,8388.0,147.0,16.0,,,,,,,,,,,,,,0.2247861999967426,0.0179153000026417,0.6453514099121094,3.768886566162109,,3.12.10,2.4.6,2.3.3,1.6.1,4.7.0,0.16.0,constant_score
sprint3-retrospective-confirmation-v1-Ensemble-BestSingle,2026-08-04T20:40:42.371756+00:00,retrospective_confirmation,conversion,Ensemble-BestSingle,ensemble,760755de03440d65,"{""method"": ""best_single_dr_risk"", ""renormalized_because_of_missing_members"": false, ""weights_applied"": {""X-Renormalized"": 1.0}, ""weights_learned_on"": ""development OOF""}",d0069be719ebfe219416caa3c9d587432aadf14b,,not_recorded_historical,2716e1bf0fd157a93b5bf86924d9088419dfbac2022c6cd90030220634f616dc,8ff1ffcde973cb58df155f942b3f3cf9f386d64c019f18bf51a4df98aeedd476,6d846e155171a87d5629cd8275697dcc3cabbfc813ec5f6a0ebd7a1f2c0280be,,,1.0,1397959.0,1188266.0,209693.0,3671.0,406.0,0.0008897943248758,0.0007759131586793,0.0032829111148933,0.0028064953495017,0.0004704463881784,0.2018118459499125,0.0065213810642633,0.0004037748729094,0.0148197060631167,0.0005979404953709,0.001988140237635,0.2372380019728761,397355.0,,,1.2201805114746094,3.463306427001953,,3.12.10,2.4.6,2.3.3,1.6.1,4.7.0,0.16.0,
sprint3-retrospective-confirmation-v1-Ensemble-QAgg,2026-08-04T20:40:42.371756+00:00,retrospective_confirmation,conversion,Ensemble-QAgg,ensemble,596f1d6b992dca36,"{""method"": ""causal_q_aggregation"", ""renormalized_because_of_missing_members"": false, ""weights_applied"": {""S-Under7"": 0.5, ""X-Renormalized"": 0.5}, ""weights_learned_on"": ""development OOF""}",d0069be719ebfe219416caa3c9d587432aadf14b,,not_recorded_historical,2716e1bf0fd157a93b5bf86924d9088419dfbac2022c6cd90030220634f616dc,8ff1ffcde973cb58df155f942b3f3cf9f386d64c019f18bf51a4df98aeedd476,6d846e155171a87d5629cd8275697dcc3cabbfc813ec5f6a0ebd7a1f2c0280be,,,1.0,1397959.0,1188266.0,209693.0,3671.0,406.0,0.0009112238470543,0.0007940110523812,0.0032705514489253,0.002771333246735,0.0004923948599898,0.2098448124211065,0.0067802589485847,0.0005263618410842,0.0148198061463044,0.0005978663761475,0.0020146761500228,0.1678682994279517,426250.0,,,1.2201805114746094,3.463306427001953,,3.12.10,2.4.6,2.3.3,1.6.1,4.7.0,0.16.0,
sprint3-retrospective-confirmation-v1-Ensemble-RankAverage,2026-08-04T20:40:42.371756+00:00,retrospective_confirmation,conversion,Ensemble-RankAverage,ensemble,1ade20a948450f76,"{""members"": [""Rank-K05"", ""Rank-K1"", ""Rank-K2"", ""Response"", ""S-Under7"", ""X-Renormalized""], ""method"": ""rank_average""}",d0069be719ebfe219416caa3c9d587432aadf14b,,not_recorded_historical,2716e1bf0fd157a93b5bf86924d9088419dfbac2022c6cd90030220634f616dc,8ff1ffcde973cb58df155f942b3f3cf9f386d64c019f18bf51a4df98aeedd476,6d846e155171a87d5629cd8275697dcc3cabbfc813ec5f6a0ebd7a1f2c0280be,,,1.0,1397959.0,1188266.0,209693.0,3671.0,406.0,0.0009076977352406,0.0007909832014219,0.0033317645859604,0.0028332454234082,0.000463548337679,0.195022094867577,0.0063035663438594,,,0.5000003576642805,0.2443663229928099,0.0,437314.0,,,1.2201805114746094,3.463306427001953,,3.12.10,2.4.6,2.3.3,1.6.1,4.7.0,0.16.0,
sprint3-retrospective-confirmation-v1-Rank-K05,2026-08-04T20:47:08.372751+00:00,retrospective_confirmation,conversion,Rank-K05,rank_learner,64b26edac81f46e8,"{""builder"": ""rank_learner"", ""family"": ""rank_learner"", ""is_cate_scale"": false, ""name"": ""Rank-K05"", ""params"": {""cv"": 3, ""kappa_scale"": 0.5}}",d0069be719ebfe219416caa3c9d587432aadf14b,,not_recorded_historical,2716e1bf0fd157a93b5bf86924d9088419dfbac2022c6cd90030220634f616dc,8ff1ffcde973cb58df155f942b3f3cf9f386d64c019f18bf51a4df98aeedd476,6d846e155171a87d5629cd8275697dcc3cabbfc813ec5f6a0ebd7a1f2c0280be,,,1.0,1397959.0,1188266.0,209693.0,3671.0,406.0,0.0008484528377835,0.0007363512901257,0.0023882122577703,0.002051646395911,0.0003844185579065,0.18645405361101,0.0060322940274541,,,-0.0143961583810985,0.0237456798105794,0.8019727331059066,168826.0,326.0620744000007,3.681581100001495,2.2907485961914062,2.428333282470703,,3.12.10,2.4.6,2.3.3,1.6.1,4.7.0,0.16.0,
sprint3-retrospective-confirmation-v1-Rank-K1,2026-08-04T20:52:37.273747+00:00,retrospective_confirmation,conversion,Rank-K1,rank_learner,461586447f29a8bc,"{""builder"": ""rank_learner"", ""family"": ""rank_learner"", ""is_cate_scale"": false, ""name"": ""Rank-K1"", ""params"": {""cv"": 3, ""kappa_scale"": 1.0}}",d0069be719ebfe219416caa3c9d587432aadf14b,,not_recorded_historical,2716e1bf0fd157a93b5bf86924d9088419dfbac2022c6cd90030220634f616dc,8ff1ffcde973cb58df155f942b3f3cf9f386d64c019f18bf51a4df98aeedd476,6d846e155171a87d5629cd8275697dcc3cabbfc813ec5f6a0ebd7a1f2c0280be,,,1.0,1397959.0,1188266.0,209693.0,3671.0,406.0,0.000851891597019,0.0007392629974785,0.0023999969956805,0.0020630237737961,0.0003590094569121,0.1856566570953411,0.0060048488239122,,,-0.0100751997386147,0.0151638512555374,0.8219497138328091,179145.0,325.15490599999976,3.57249579999916,2.549354553222656,2.1820602416992188,,3.12.10,2.4.6,2.3.3,1.6.1,4.7.0,0.16.0,
sprint3-retrospective-confirmation-v1-Rank-K2,2026-08-04T20:58:06.958969+00:00,retrospective_confirmation,conversion,Rank-K2,rank_learner,f9434b245bb8dd2b,"{""builder"": ""rank_learner"", ""family"": ""rank_learner"", ""is_cate_scale"": false, ""name"": ""Rank-K2"", ""params"": {""cv"": 3, ""kappa_scale"": 2.0}}",d0069be719ebfe219416caa3c9d587432aadf14b,,not_recorded_historical,2716e1bf0fd157a93b5bf86924d9088419dfbac2022c6cd90030220634f616dc,8ff1ffcde973cb58df155f942b3f3cf9f386d64c019f18bf51a4df98aeedd476,6d846e155171a87d5629cd8275697dcc3cabbfc813ec5f6a0ebd7a1f2c0280be,,,1.0,1397959.0,1188266.0,209693.0,3671.0,406.0,0.0008619357330897,0.0007488158793954,0.0024539408614951,0.0021123447485381,0.0003336869860233,0.184993401696858,0.0059828126646992,,,-0.0067243298583598,0.0090870262912257,0.8337161533349691,172287.0,326.10047230000055,3.4097132999995665,2.81448745727539,1.8274002075195312,,3.12.10,2.4.6,2.3.3,1.6.1,4.7.0,0.16.0,
sprint3-retrospective-confirmation-v1-Response,2026-08-04T20:40:42.371756+00:00,retrospective_confirmation,conversion,Response,response,2493f3f82d2d833e,"{""builder"": ""response"", ""family"": ""response"", ""is_cate_scale"": false, ""name"": ""Response"", ""params"": {}}",d0069be719ebfe219416caa3c9d587432aadf14b,,not_recorded_historical,2716e1bf0fd157a93b5bf86924d9088419dfbac2022c6cd90030220634f616dc,8ff1ffcde973cb58df155f942b3f3cf9f386d64c019f18bf51a4df98aeedd476,6d846e155171a87d5629cd8275697dcc3cabbfc813ec5f6a0ebd7a1f2c0280be,,,1.0,1397959.0,1188266.0,209693.0,3671.0,406.0,0.0009123494915144,0.0007937997432695,0.0038225067109903,0.003360173623006,0.0004633624384579,0.192989494724502,0.0062441543809536,,,0.0029210686841578,0.0206312848756776,0.0,322021.0,28.64749110000048,4.728111800002807,1.2201805114746094,3.463306427001953,,3.12.10,2.4.6,2.3.3,1.6.1,4.7.0,0.16.0,
sprint3-retrospective-confirmation-v1-S-Under7,2026-08-04T20:41:38.456746+00:00,retrospective_confirmation,conversion,S-Under7,s_learner,d26858072e33a18a,"{""builder"": ""s_learner"", ""family"": ""s_learner"", ""is_cate_scale"": true, ""name"": ""S-Under7"", ""params"": {""outcome"": ""classifier"", ""under"": 7.0}}",d0069be719ebfe219416caa3c9d587432aadf14b,,not_recorded_historical,2716e1bf0fd157a93b5bf86924d9088419dfbac2022c6cd90030220634f616dc,8ff1ffcde973cb58df155f942b3f3cf9f386d64c019f18bf51a4df98aeedd476,6d846e155171a87d5629cd8275697dcc3cabbfc813ec5f6a0ebd7a1f2c0280be,,,1.0,1397959.0,1188266.0,209693.0,3671.0,406.0,0.0008955668680202,0.0007746885704179,0.0031155081485647,0.0026126990922762,0.0004809180968877,0.2059038097463129,0.0066580194589708,0.0004494489232761,0.0148203761650259,0.0005977922569241,0.00215292217627,0.0247832733291891,369775.0,5.273924099998112,14.52126899999712,1.2304534912109375,3.426776885986328,,3.12.10,2.4.6,2.3.3,1.6.1,4.7.0,0.16.0,
sprint3-retrospective-confirmation-v1-X-Renormalized,2026-08-04T20:41:18.495021+00:00,retrospective_confirmation,conversion,X-Renormalized,x_learner,65861f3be72d5840,"{""builder"": ""x_learner"", ""family"": ""x_learner"", ""is_cate_scale"": true, ""name"": ""X-Renormalized"", ""params"": {""outcome"": ""classifier"", ""propensity"": ""fixed"", ""under"": 7.0}}",d0069be719ebfe219416caa3c9d587432aadf14b,,not_recorded_historical,2716e1bf0fd157a93b5bf86924d9088419dfbac2022c6cd90030220634f616dc,8ff1ffcde973cb58df155f942b3f3cf9f386d64c019f18bf51a4df98aeedd476,6d846e155171a87d5629cd8275697dcc3cabbfc813ec5f6a0ebd7a1f2c0280be,,,1.0,1397959.0,1188266.0,209693.0,3671.0,406.0,0.0008897943248758,0.0007759131586793,0.0032829111148933,0.0028064953495017,0.0004704463881784,0.2018118459499125,0.0065213810642633,0.0004037748729094,0.0148197060631167,0.0005979404953709,0.001988140237635,0.2372380019728761,397355.0,16.151298300002964,19.795193100002507,1.2201805114746094,3.463306427001953,,3.12.10,2.4.6,2.3.3,1.6.1,4.7.0,0.16.0,
data-optimization-v1-smoke-Response,2026-08-09T07:57:23.039096+00:00,smoke,conversion,Response,response,2493f3f82d2d833e,"{""builder"": ""response"", ""family"": ""response"", ""is_cate_scale"": false, ""name"": ""Response"", ""params"": {}}",336d7770de8534b785eec89c980536d9ba06996a,1.0,3d83302d155bee35efc9fb632893a30e3e665c0f06909182c7ed52e9e560a9c0,2716e1bf0fd157a93b5bf86924d9088419dfbac2022c6cd90030220634f616dc,6d9c85a6e388b9566c090904d7778fcc1bc3cc034a0a0a446c2db96e96f02c2c,6d9c85a6e388b9566c090904d7778fcc1bc3cc034a0a0a446c2db96e96f02c2c,101.0,2.0,0.02,111837.0,95062.0,16775.0,294.0,32.0,0.0007872158373817,0.000726917035882,0.0019263080105757,0.0017889369870086,0.0004192064927195,0.1698185375902141,0.005482216153782,,,0.0027016916375005,0.0226464623014782,0.0,37979.0,1.6424282000079984,0.5756063000007998,0.2758026123046875,4.491909027099609,70.4,3.12.10,2.4.6,2.3.3,1.6.1,4.7.0,0.16.0,
data-optimization-v1-smoke-Response-Sentinel,2026-08-09T07:57:25.451648+00:00,smoke,conversion,Response-Sentinel,response,0ccda20f93617af8,"{""builder"": ""response"", ""family"": ""response"", ""is_cate_scale"": false, ""name"": ""Response-Sentinel"", ""params"": {""feature_augmentation"": ""sentinel_flags"", ""sentinel_min_mode_share"": 0.05}}",336d7770de8534b785eec89c980536d9ba06996a,1.0,3d83302d155bee35efc9fb632893a30e3e665c0f06909182c7ed52e9e560a9c0,2716e1bf0fd157a93b5bf86924d9088419dfbac2022c6cd90030220634f616dc,6d9c85a6e388b9566c090904d7778fcc1bc3cc034a0a0a446c2db96e96f02c2c,6d9c85a6e388b9566c090904d7778fcc1bc3cc034a0a0a446c2db96e96f02c2c,101.0,2.0,0.02,111837.0,95062.0,16775.0,294.0,32.0,0.0008115711859168,0.0007520940052822,0.0020622931063008,0.0019278604337957,0.0004256579670524,0.1730202537754969,0.005586400906575,,,0.0027259664950252,0.0228549982568661,0.0,37745.0,1.5749580999981845,0.5921536999958334,0.2846412658691406,4.491909027099609,70.4,3.12.10,2.4.6,2.3.3,1.6.1,4.7.0,0.16.0,
data-optimization-v1-smoke-S-Under7,2026-08-09T07:57:27.826296+00:00,smoke,conversion,S-Under7,s_learner,d26858072e33a18a,"{""builder"": ""s_learner"", ""family"": ""s_learner"", ""is_cate_scale"": true, ""name"": ""S-Under7"", ""params"": {""outcome"": ""classifier"", ""under"": 7.0}}",336d7770de8534b785eec89c980536d9ba06996a,1.0,3d83302d155bee35efc9fb632893a30e3e665c0f06909182c7ed52e9e560a9c0,2716e1bf0fd157a93b5bf86924d9088419dfbac2022c6cd90030220634f616dc,6d9c85a6e388b9566c090904d7778fcc1bc3cc034a0a0a446c2db96e96f02c2c,6d9c85a6e388b9566c090904d7778fcc1bc3cc034a0a0a446c2db96e96f02c2c,101.0,2.0,0.02,111837.0,95062.0,16775.0,294.0,32.0,0.0008087036477132,0.0007469593923468,0.002308474749648,0.0021777352258488,0.0004941856355009,0.2012505696841423,0.0064936921197444,0.0011177501718931,0.015139230822789,8.80140534444428e-05,0.0003145844010832,0.0963634575319438,30115.0,0.3297910999972373,0.7373700000025565,0.3026695251464844,4.491909027099609,70.4,3.12.10,2.4.6,2.3.3,1.6.1,4.7.0,0.16.0,
data-optimization-v1-smoke-S-Sentinel-Under7,2026-08-09T07:57:29.118931+00:00,smoke,conversion,S-Sentinel-Under7,s_learner,7062576817e4b07a,"{""builder"": ""s_learner"", ""family"": ""s_learner"", ""is_cate_scale"": true, ""name"": ""S-Sentinel-Under7"", ""params"": {""feature_augmentation"": ""sentinel_flags"", ""outcome"": ""classifier"", ""sentinel_min_mode_share"": 0.05, ""under"": 7.0}}",336d7770de8534b785eec89c980536d9ba06996a,1.0,3d83302d155bee35efc9fb632893a30e3e665c0f06909182c7ed52e9e560a9c0,2716e1bf0fd157a93b5bf86924d9088419dfbac2022c6cd90030220634f616dc,6d9c85a6e388b9566c090904d7778fcc1bc3cc034a0a0a446c2db96e96f02c2c,6d9c85a6e388b9566c090904d7778fcc1bc3cc034a0a0a446c2db96e96f02c2c,101.0,2.0,0.02,111837.0,95062.0,16775.0,294.0,32.0,0.000711270863657,0.0006558040994925,0.0018776333301934,0.0016248436566299,0.0004037666400618,0.1618799382966245,0.0052300473953669,0.0009044644824793,0.0151390458857131,0.0002202412264887,0.0011033450685447,0.0913829948943551,30214.0,0.3939031999907456,0.7581668999919202,0.3246994018554687,4.491909027099609,70.4,3.12.10,2.4.6,2.3.3,1.6.1,4.7.0,0.16.0,
data-optimization-v1-smoke-X-Renormalized,2026-08-09T07:57:30.490179+00:00,smoke,conversion,X-Renormalized,x_learner,65861f3be72d5840,"{""builder"": ""x_learner"", ""family"": ""x_learner"", ""is_cate_scale"": true, ""name"": ""X-Renormalized"", ""params"": {""outcome"": ""classifier"", ""propensity"": ""fixed"", ""under"": 7.0}}",336d7770de8534b785eec89c980536d9ba06996a,1.0,3d83302d155bee35efc9fb632893a30e3e665c0f06909182c7ed52e9e560a9c0,2716e1bf0fd157a93b5bf86924d9088419dfbac2022c6cd90030220634f616dc,6d9c85a6e388b9566c090904d7778fcc1bc3cc034a0a0a446c2db96e96f02c2c,6d9c85a6e388b9566c090904d7778fcc1bc3cc034a0a0a446c2db96e96f02c2c,101.0,2.0,0.02,111837.0,95062.0,16775.0,294.0,32.0,0.000731899913823,0.0006725293594576,0.0020924924034209,0.001957335333238,0.0003785655549316,0.1558511621291145,0.0050232649474525,0.0006359439265383,0.0151364766454737,0.0007265317985237,0.0008270570870504,0.0885842789059077,212.0,0.4200946000200929,0.1703115999989677,0.3246994018554687,4.491909027099609,70.4,3.12.10,2.4.6,2.3.3,1.6.1,4.7.0,0.16.0,
data-optimization-v1-smoke-Funnel-S,2026-08-09T07:57:31.257233+00:00,smoke,conversion,Funnel-S,funnel_s_learner,22322c5653df61ea,"{""builder"": ""funnel_s_learner"", ""family"": ""funnel_s_learner"", ""is_cate_scale"": true, ""name"": ""Funnel-S"", ""params"": {""params"": {""min_child_samples"": 250}}}",336d7770de8534b785eec89c980536d9ba06996a,1.0,3d83302d155bee35efc9fb632893a30e3e665c0f06909182c7ed52e9e560a9c0,2716e1bf0fd157a93b5bf86924d9088419dfbac2022c6cd90030220634f616dc,6d9c85a6e388b9566c090904d7778fcc1bc3cc034a0a0a446c2db96e96f02c2c,6d9c85a6e388b9566c090904d7778fcc1bc3cc034a0a0a446c2db96e96f02c2c,101.0,2.0,0.02,111837.0,95062.0,16775.0,294.0,32.0,0.0007624285797645,0.0007205382556965,0.0023900549657838,0.0019713243078426,0.0004281162854397,0.1682281385089735,0.0054105330650485,0.0005514104039145,0.0151351986269801,0.0008152425918767,0.0051631471818146,0.0636193746255711,47278.0,2.2983633000112604,2.013942999998108,0.3246994018554687,4.491909027099609,70.4,3.12.10,2.4.6,2.3.3,1.6.1,4.7.0,0.16.0,
data-optimization-v1-smoke-Funnel-S-Sentinel,2026-08-09T07:57:35.806920+00:00,smoke,conversion,Funnel-S-Sentinel,funnel_s_learner,c376489f85d688f6,"{""builder"": ""funnel_s_learner"", ""family"": ""funnel_s_learner"", ""is_cate_scale"": true, ""name"": ""Funnel-S-Sentinel"", ""params"": {""feature_augmentation"": ""sentinel_flags"", ""params"": {""min_child_samples"": 250}, ""sentinel_min_mode_share"": 0.05}}",336d7770de8534b785eec89c980536d9ba06996a,1.0,3d83302d155bee35efc9fb632893a30e3e665c0f06909182c7ed52e9e560a9c0,2716e1bf0fd157a93b5bf86924d9088419dfbac2022c6cd90030220634f616dc,6d9c85a6e388b9566c090904d7778fcc1bc3cc034a0a0a446c2db96e96f02c2c,6d9c85a6e388b9566c090904d7778fcc1bc3cc034a0a0a446c2db96e96f02c2c,101.0,2.0,0.02,111837.0,95062.0,16775.0,294.0,32.0,0.0007760669041073,0.0007230282545905,0.0023494883476652,0.0019353496732841,0.0004326895001198,0.1691466752946296,0.0054354676397383,0.0006205616645904,0.0151421241120313,0.000838674908167,0.0052431334519273,0.0859912193638956,46970.0,2.3595963999978267,2.120449900001404,0.3246994018554687,4.491909027099609,70.4,3.12.10,2.4.6,2.3.3,1.6.1,4.7.0,0.16.0,
data-optimization-v1-screen-Response,2026-08-09T07:58:25.041000+00:00,screen,conversion,Response,response,2493f3f82d2d833e,"{""builder"": ""response"", ""family"": ""response"", ""is_cate_scale"": false, ""name"": ""Response"", ""params"": {}}",336d7770de8534b785eec89c980536d9ba06996a,1.0,34b9ace28b5061bff4571cb7f5f84ee3a8e29cc4840c64b4a3d0f0efe0e46c57,2716e1bf0fd157a93b5bf86924d9088419dfbac2022c6cd90030220634f616dc,2f9a75e0b5572f108993310af120552d129982dc2d4d2016ee2ed0f7a020806a,2f9a75e0b5572f108993310af120552d129982dc2d4d2016ee2ed0f7a020806a,101.0,3.0,0.15,838776.0,712960.0,125816.0,2203.0,244.0,0.0008567794317185,0.000764795330765,0.0030931263234996,0.0027617925731059,0.0004429793166714,0.1829811402640043,0.0059201992528162,,,0.0028849599101637,0.0216740549891337,0.0,256332.0,13.304536099982217,4.418005299987271,0.4355392456054687,4.485309600830078,70.5,3.12.10,2.4.6,2.3.3,1.6.1,4.7.0,0.16.0,
data-optimization-v1-screen-Response-Sentinel,2026-08-09T07:58:44.409974+00:00,screen,conversion,Response-Sentinel,response,0ccda20f93617af8,"{""builder"": ""response"", ""family"": ""response"", ""is_cate_scale"": false, ""name"": ""Response-Sentinel"", ""params"": {""feature_augmentation"": ""sentinel_flags"", ""sentinel_min_mode_share"": 0.05}}",336d7770de8534b785eec89c980536d9ba06996a,1.0,34b9ace28b5061bff4571cb7f5f84ee3a8e29cc4840c64b4a3d0f0efe0e46c57,2716e1bf0fd157a93b5bf86924d9088419dfbac2022c6cd90030220634f616dc,2f9a75e0b5572f108993310af120552d129982dc2d4d2016ee2ed0f7a020806a,2f9a75e0b5572f108993310af120552d129982dc2d4d2016ee2ed0f7a020806a,101.0,3.0,0.15,838776.0,712960.0,125816.0,2203.0,244.0,0.0008588313956321,0.0007670898384827,0.003117999317318,0.0027888149285026,0.0004439156757064,0.1833660109683683,0.0059327060675219,,,0.0028875096961457,0.0216972108525646,0.0,257752.0,15.052209899993612,4.562207700015279,0.5173568725585938,4.41552734375,70.9,3.12.10,2.4.6,2.3.3,1.6.1,4.7.0,0.16.0,
data-optimization-v1-screen-S-Under7,2026-08-09T07:59:05.922060+00:00,screen,conversion,S-Under7,s_learner,d26858072e33a18a,"{""builder"": ""s_learner"", ""family"": ""s_learner"", ""is_cate_scale"": true, ""name"": ""S-Under7"", ""params"": {""outcome"": ""classifier"", ""under"": 7.0}}",336d7770de8534b785eec89c980536d9ba06996a,1.0,34b9ace28b5061bff4571cb7f5f84ee3a8e29cc4840c64b4a3d0f0efe0e46c57,2716e1bf0fd157a93b5bf86924d9088419dfbac2022c6cd90030220634f616dc,2f9a75e0b5572f108993310af120552d129982dc2d4d2016ee2ed0f7a020806a,2f9a75e0b5572f108993310af120552d129982dc2d4d2016ee2ed0f7a020806a,101.0,3.0,0.15,838776.0,712960.0,125816.0,2203.0,244.0,0.0008261342959853,0.0007254926968663,0.0029087593769759,0.0025300425678927,0.0004167983893719,0.1814416178439616,0.0058704163888358,0.0004779810901949,0.0145744012164852,0.0005493765976683,0.002343716653457,0.2587484620446937,277285.0,3.5176782999769785,12.165793699998176,0.5173568725585938,4.410312652587891,71.0,3.12.10,2.4.6,2.3.3,1.6.1,4.7.0,0.16.0,
data-optimization-v1-screen-S-Sentinel-Under7,2026-08-09T07:59:23.624692+00:00,screen,conversion,S-Sentinel-Under7,s_learner,7062576817e4b07a,"{""builder"": ""s_learner"", ""family"": ""s_learner"", ""is_cate_scale"": true, ""name"": ""S-Sentinel-Under7"", ""params"": {""feature_augmentation"": ""sentinel_flags"", ""outcome"": ""classifier"", ""sentinel_min_mode_share"": 0.05, ""under"": 7.0}}",336d7770de8534b785eec89c980536d9ba06996a,1.0,34b9ace28b5061bff4571cb7f5f84ee3a8e29cc4840c64b4a3d0f0efe0e46c57,2716e1bf0fd157a93b5bf86924d9088419dfbac2022c6cd90030220634f616dc,2f9a75e0b5572f108993310af120552d129982dc2d4d2016ee2ed0f7a020806a,2f9a75e0b5572f108993310af120552d129982dc2d4d2016ee2ed0f7a020806a,101.0,3.0,0.15,838776.0,712960.0,125816.0,2203.0,244.0,0.0008147906366412,0.0007264062417193,0.0028171149210286,0.0025017706715489,0.0003934153128448,0.1737704749048411,0.0056242671448312,0.0004366667603161,0.0145749282198185,0.000556428744903,0.0023296460645302,0.3265234103026314,278217.0,4.282361400008085,12.163956000003964,0.6330413818359375,4.31427001953125,71.6,3.12.10,2.4.6,2.3.3,1.6.1,4.7.0,0.16.0,
data-optimization-v1-screen-X-Renormalized,2026-08-09T07:59:42.085258+00:00,screen,conversion,X-Renormalized,x_learner,65861f3be72d5840,"{""builder"": ""x_learner"", ""family"": ""x_learner"", ""is_cate_scale"": true, ""name"": ""X-Renormalized"", ""params"": {""outcome"": ""classifier"", ""propensity"": ""fixed"", ""under"": 7.0}}",336d7770de8534b785eec89c980536d9ba06996a,1.0,34b9ace28b5061bff4571cb7f5f84ee3a8e29cc4840c64b4a3d0f0efe0e46c57,2716e1bf0fd157a93b5bf86924d9088419dfbac2022c6cd90030220634f616dc,2f9a75e0b5572f108993310af120552d129982dc2d4d2016ee2ed0f7a020806a,2f9a75e0b5572f108993310af120552d129982dc2d4d2016ee2ed0f7a020806a,101.0,3.0,0.15,838776.0,712960.0,125816.0,2203.0,244.0,0.0008473769125435,0.0007579640381253,0.0032378408959409,0.0029051072861353,0.0004294217168557,0.1737281204948234,0.0056134345522066,0.0005832463220562,0.0145782099716274,0.0005621157699312,0.0015086044380448,0.3996275525289231,239904.0,7.084667999995872,5.701058699996793,0.6330413818359375,4.31427001953125,71.6,3.12.10,2.4.6,2.3.3,1.6.1,4.7.0,0.16.0,
data-optimization-v1-screen-Funnel-S,2026-08-09T07:59:56.966107+00:00,screen,conversion,Funnel-S,funnel_s_learner,22322c5653df61ea,"{""builder"": ""funnel_s_learner"", ""family"": ""funnel_s_learner"", ""is_cate_scale"": true, ""name"": ""Funnel-S"", ""params"": {""params"": {""min_child_samples"": 250}}}",336d7770de8534b785eec89c980536d9ba06996a,1.0,34b9ace28b5061bff4571cb7f5f84ee3a8e29cc4840c64b4a3d0f0efe0e46c57,2716e1bf0fd157a93b5bf86924d9088419dfbac2022c6cd90030220634f616dc,2f9a75e0b5572f108993310af120552d129982dc2d4d2016ee2ed0f7a020806a,2f9a75e0b5572f108993310af120552d129982dc2d4d2016ee2ed0f7a020806a,101.0,3.0,0.15,838776.0,712960.0,125816.0,2203.0,244.0,0.0008257978754419,0.0007204905377367,0.0032152673093684,0.0028140808714088,0.0003882256164168,0.1663227576133564,0.0053776447756805,0.0001214380940606,0.0145620922122571,0.0008468397908863,0.0053870384592291,0.0521080717617099,293518.0,14.34587509999983,15.576731100009056,0.6330413818359375,4.31427001953125,71.6,3.12.10,2.4.6,2.3.3,1.6.1,4.7.0,0.16.0,
data-optimization-v1-screen-Funnel-S-Sentinel,2026-08-09T08:00:28.945476+00:00,screen,conversion,Funnel-S-Sentinel,funnel_s_learner,c376489f85d688f6,"{""builder"": ""funnel_s_learner"", ""family"": ""funnel_s_learner"", ""is_cate_scale"": true, ""name"": ""Funnel-S-Sentinel"", ""params"": {""feature_augmentation"": ""sentinel_flags"", ""params"": {""min_child_samples"": 250}, ""sentinel_min_mode_share"": 0.05}}",336d7770de8534b785eec89c980536d9ba06996a,1.0,34b9ace28b5061bff4571cb7f5f84ee3a8e29cc4840c64b4a3d0f0efe0e46c57,2716e1bf0fd157a93b5bf86924d9088419dfbac2022c6cd90030220634f616dc,2f9a75e0b5572f108993310af120552d129982dc2d4d2016ee2ed0f7a020806a,2f9a75e0b5572f108993310af120552d129982dc2d4d2016ee2ed0f7a020806a,101.0,3.0,0.15,838776.0,712960.0,125816.0,2203.0,244.0,0.0008269041871235,0.000734914756863,0.0031858167003091,0.0028366260082147,0.0003964372065931,0.1738063382017018,0.0056211202742536,0.0001324326604133,0.0145628994831739,0.0008515872497028,0.0053035088656546,0.061965292283041,292463.0,16.44526139998925,16.187052500012214,0.6330413818359375,4.31427001953125,71.6,3.12.10,2.4.6,2.3.3,1.6.1,4.7.0,0.16.0,
data-optimization-v1-screen-Response,2026-08-09T08:04:20.822225+00:00,screen,conversion,Response,response,2493f3f82d2d833e,"{""builder"": ""response"", ""family"": ""response"", ""is_cate_scale"": false, ""name"": ""Response"", ""params"": {}}",336d7770de8534b785eec89c980536d9ba06996a,1.0,817f16181eab50268511a8819082e6052f3e500526ca0c78707034ce2d257411,2716e1bf0fd157a93b5bf86924d9088419dfbac2022c6cd90030220634f616dc,2f9a75e0b5572f108993310af120552d129982dc2d4d2016ee2ed0f7a020806a,2f9a75e0b5572f108993310af120552d129982dc2d4d2016ee2ed0f7a020806a,202.0,3.0,0.15,838776.0,712960.0,125816.0,2203.0,244.0,0.000852166025339,0.0007468078972022,0.0030792190827494,0.002746684172116,0.0004397814420787,0.1842742834481864,0.0059609244070627,,,0.0028840476164145,0.0215121965945475,0.0,257336.0,13.588923600007549,4.471169199983706,0.433441162109375,4.389060974121094,71.1,3.12.10,2.4.6,2.3.3,1.6.1,4.7.0,0.16.0,
data-optimization-v1-screen-Response-Sentinel,2026-08-09T08:04:40.552463+00:00,screen,conversion,Response-Sentinel,response,0ccda20f93617af8,"{""builder"": ""response"", ""family"": ""response"", ""is_cate_scale"": false, ""name"": ""Response-Sentinel"", ""params"": {""feature_augmentation"": ""sentinel_flags"", ""sentinel_min_mode_share"": 0.05}}",336d7770de8534b785eec89c980536d9ba06996a,1.0,817f16181eab50268511a8819082e6052f3e500526ca0c78707034ce2d257411,2716e1bf0fd157a93b5bf86924d9088419dfbac2022c6cd90030220634f616dc,2f9a75e0b5572f108993310af120552d129982dc2d4d2016ee2ed0f7a020806a,2f9a75e0b5572f108993310af120552d129982dc2d4d2016ee2ed0f7a020806a,202.0,3.0,0.15,838776.0,712960.0,125816.0,2203.0,244.0,0.0008552008820105,0.0007508216852349,0.0030877628255614,0.0027469544743214,0.0004407153734373,0.1849486621593292,0.0059827278465116,,,0.0028866103348037,0.0215794393404746,0.0,253641.0,15.414836600015406,4.922158200017293,0.5158195495605469,4.3421173095703125,71.4,3.12.10,2.4.6,2.3.3,1.6.1,4.7.0,0.16.0,
data-optimization-v1-screen-S-Under7,2026-08-09T08:05:02.711437+00:00,screen,conversion,S-Under7,s_learner,d26858072e33a18a,"{""builder"": ""s_learner"", ""family"": ""s_learner"", ""is_cate_scale"": true, ""name"": ""S-Under7"", ""params"": {""outcome"": ""classifier"", ""under"": 7.0}}",336d7770de8534b785eec89c980536d9ba06996a,1.0,817f16181eab50268511a8819082e6052f3e500526ca0c78707034ce2d257411,2716e1bf0fd157a93b5bf86924d9088419dfbac2022c6cd90030220634f616dc,2f9a75e0b5572f108993310af120552d129982dc2d4d2016ee2ed0f7a020806a,2f9a75e0b5572f108993310af120552d129982dc2d4d2016ee2ed0f7a020806a,202.0,3.0,0.15,838776.0,712960.0,125816.0,2203.0,244.0,0.0007785750806527,0.000674578008204,0.0025385966862848,0.0021152728092703,0.0003767367090705,0.159576255223566,0.0051639536741866,0.0005383910579761,0.0145319583289817,0.0005202485032002,0.0022703936052488,0.2481294171507053,276994.0,3.9984523999737576,12.03199770001811,0.5158195495605469,4.25799560546875,72.0,3.12.10,2.4.6,2.3.3,1.6.1,4.7.0,0.16.0,
data-optimization-v1-screen-S-Sentinel-Under7,2026-08-09T08:05:20.902696+00:00,screen,conversion,S-Sentinel-Under7,s_learner,7062576817e4b07a,"{""builder"": ""s_learner"", ""family"": ""s_learner"", ""is_cate_scale"": true, ""name"": ""S-Sentinel-Under7"", ""params"": {""feature_augmentation"": ""sentinel_flags"", ""outcome"": ""classifier"", ""sentinel_min_mode_share"": 0.05, ""under"": 7.0}}",336d7770de8534b785eec89c980536d9ba06996a,1.0,817f16181eab50268511a8819082e6052f3e500526ca0c78707034ce2d257411,2716e1bf0fd157a93b5bf86924d9088419dfbac2022c6cd90030220634f616dc,2f9a75e0b5572f108993310af120552d129982dc2d4d2016ee2ed0f7a020806a,2f9a75e0b5572f108993310af120552d129982dc2d4d2016ee2ed0f7a020806a,202.0,3.0,0.15,838776.0,712960.0,125816.0,2203.0,244.0,0.000759424147084,0.0006532060013578,0.0025654062828804,0.002135629616455,0.0003632116296181,0.1488516245768053,0.0048149911989793,0.0004576002929276,0.0145311805649042,0.0005363176936627,0.0023041503151977,0.1541353114538327,277878.0,4.247678600004292,12.033433599994169,0.6214523315429688,4.25799560546875,72.0,3.12.10,2.4.6,2.3.3,1.6.1,4.7.0,0.16.0,
data-optimization-v1-screen-X-Renormalized,2026-08-09T08:05:39.196720+00:00,screen,conversion,X-Renormalized,x_learner,65861f3be72d5840,"{""builder"": ""x_learner"", ""family"": ""x_learner"", ""is_cate_scale"": true, ""name"": ""X-Renormalized"", ""params"": {""outcome"": ""classifier"", ""propensity"": ""fixed"", ""under"": 7.0}}",336d7770de8534b785eec89c980536d9ba06996a,1.0,817f16181eab50268511a8819082e6052f3e500526ca0c78707034ce2d257411,2716e1bf0fd157a93b5bf86924d9088419dfbac2022c6cd90030220634f616dc,2f9a75e0b5572f108993310af120552d129982dc2d4d2016ee2ed0f7a020806a,2f9a75e0b5572f108993310af120552d129982dc2d4d2016ee2ed0f7a020806a,202.0,3.0,0.15,838776.0,712960.0,125816.0,2203.0,244.0,0.0008161235692645,0.000727835086543,0.0028403160114171,0.0025433985705146,0.0004061852530302,0.1694102384455773,0.0054787514776146,0.0007364411604999,0.0145340821725609,0.0005486737101751,0.0014590460123581,0.4141177143838164,239119.0,7.195223299975623,5.8584039999987,0.6214523315429688,4.25799560546875,72.0,3.12.10,2.4.6,2.3.3,1.6.1,4.7.0,0.16.0,
data-optimization-v1-screen-Funnel-S,2026-08-09T08:05:54.280131+00:00,screen,conversion,Funnel-S,funnel_s_learner,22322c5653df61ea,"{""builder"": ""funnel_s_learner"", ""family"": ""funnel_s_learner"", ""is_cate_scale"": true, ""name"": ""Funnel-S"", ""params"": {""params"": {""min_child_samples"": 250}}}",336d7770de8534b785eec89c980536d9ba06996a,1.0,817f16181eab50268511a8819082e6052f3e500526ca0c78707034ce2d257411,2716e1bf0fd157a93b5bf86924d9088419dfbac2022c6cd90030220634f616dc,2f9a75e0b5572f108993310af120552d129982dc2d4d2016ee2ed0f7a020806a,2f9a75e0b5572f108993310af120552d129982dc2d4d2016ee2ed0f7a020806a,202.0,3.0,0.15,838776.0,712960.0,125816.0,2203.0,244.0,0.0007817361838273,0.0006706972294033,0.0028737333993895,0.0024298985867404,0.0003827452539141,0.1616475911041301,0.0052270078095054,0.00026760694785,0.0145280104171078,0.0008668418235227,0.0056544074144673,0.0739005407880053,292812.0,14.416050399988308,15.93131159998302,0.6214523315429688,4.25799560546875,72.0,3.12.10,2.4.6,2.3.3,1.6.1,4.7.0,0.16.0,
data-optimization-v1-screen-Funnel-S-Sentinel,2026-08-09T08:06:26.677871+00:00,screen,conversion,Funnel-S-Sentinel,funnel_s_learner,c376489f85d688f6,"{""builder"": ""funnel_s_learner"", ""family"": ""funnel_s_learner"", ""is_cate_scale"": true, ""name"": ""Funnel-S-Sentinel"", ""params"": {""feature_augmentation"": ""sentinel_flags"", ""params"": {""min_child_samples"": 250}, ""sentinel_min_mode_share"": 0.05}}",336d7770de8534b785eec89c980536d9ba06996a,1.0,817f16181eab50268511a8819082e6052f3e500526ca0c78707034ce2d257411,2716e1bf0fd157a93b5bf86924d9088419dfbac2022c6cd90030220634f616dc,2f9a75e0b5572f108993310af120552d129982dc2d4d2016ee2ed0f7a020806a,2f9a75e0b5572f108993310af120552d129982dc2d4d2016ee2ed0f7a020806a,202.0,3.0,0.15,838776.0,712960.0,125816.0,2203.0,244.0,0.0007891457218573,0.0006795587530995,0.002858196820602,0.0024115007113996,0.0003722910345434,0.1612673317877987,0.0052117037947281,0.0002170333549336,0.0145311771117196,0.0008663652528324,0.0056350585435399,0.0656122731217869,293746.0,15.91179079998983,15.889794200003962,0.6214523315429688,4.25799560546875,72.0,3.12.10,2.4.6,2.3.3,1.6.1,4.7.0,0.16.0,
causal-foundation-v1-smoke-Response,2026-08-09T10:43:26.238079+00:00,smoke,conversion,Response,response,2493f3f82d2d833e,"{""builder"": ""response"", ""family"": ""response"", ""is_cate_scale"": false, ""name"": ""Response"", ""params"": {}}",336d7770de8534b785eec89c980536d9ba06996a,1.0,2be0e87b89ca5c9b8f8d8d69a2a5a9c8dc8b739f6fd78f5f4e4395826d6a139f,2716e1bf0fd157a93b5bf86924d9088419dfbac2022c6cd90030220634f616dc,b033a1e8094e514df085e28e808c818582ed6393095203741c1df5acf3312595,b033a1e8094e514df085e28e808c818582ed6393095203741c1df5acf3312595,101.0,3.0,0.01,55919.0,47531.0,8388.0,147.0,16.0,0.0010718102922872,0.0009119816940041,0.0056935301606632,0.0047467715356874,0.0005277307879268,0.2491554021128715,0.0080499108354213,,,0.0026951409358855,0.0217692570411161,0.0,21273.0,1.3174689000006763,0.2500487999932375,0.270050048828125,3.799598693847656,75.0,3.12.10,2.4.6,2.3.3,1.6.1,4.7.0,0.16.0,
causal-foundation-v1-smoke-Response-Sentinel,2026-08-09T10:43:27.905107+00:00,smoke,conversion,Response-Sentinel,response,0ccda20f93617af8,"{""builder"": ""response"", ""family"": ""response"", ""is_cate_scale"": false, ""name"": ""Response-Sentinel"", ""params"": {""feature_augmentation"": ""sentinel_flags"", ""sentinel_min_mode_share"": 0.05}}",336d7770de8534b785eec89c980536d9ba06996a,1.0,2be0e87b89ca5c9b8f8d8d69a2a5a9c8dc8b739f6fd78f5f4e4395826d6a139f,2716e1bf0fd157a93b5bf86924d9088419dfbac2022c6cd90030220634f616dc,b033a1e8094e514df085e28e808c818582ed6393095203741c1df5acf3312595,b033a1e8094e514df085e28e808c818582ed6393095203741c1df5acf3312595,101.0,3.0,0.01,55919.0,47531.0,8388.0,147.0,16.0,0.001066675877991,0.0009100650577029,0.0059406931616285,0.0050141216345549,0.0005514346972883,0.2595098162735468,0.0083880734877574,,,0.002668026712625,0.021498363225051,0.0,21045.0,1.5603545000049053,0.2648699000128545,0.2749252319335937,3.799598693847656,75.0,3.12.10,2.4.6,2.3.3,1.6.1,4.7.0,0.16.0,
causal-foundation-v1-smoke-Anchored-R25,2026-08-09T10:43:29.833409+00:00,smoke,conversion,Anchored-R25,anchored_r_learner,de9aa41664ebd502,"{""builder"": ""anchored_r_learner"", ""family"": ""anchored_r_learner"", ""is_cate_scale"": true, ""name"": ""Anchored-R25"", ""params"": {""final_params"": {""learning_rate"": 0.04, ""min_child_samples"": 5000, ""n_estimators"": 200, ""num_leaves"": 15, ""reg_lambda"": 20.0}, ""inner_cv"": 2, ""nuisance_params"": {""min_child_samples"": 250, ""n_estimators"": 200, ""num_leaves"": 31}, ""residual_shrinkage"": 0.25}}",336d7770de8534b785eec89c980536d9ba06996a,1.0,2be0e87b89ca5c9b8f8d8d69a2a5a9c8dc8b739f6fd78f5f4e4395826d6a139f,2716e1bf0fd157a93b5bf86924d9088419dfbac2022c6cd90030220634f616dc,b033a1e8094e514df085e28e808c818582ed6393095203741c1df5acf3312595,b033a1e8094e514df085e28e808c818582ed6393095203741c1df5acf3312595,101.0,3.0,0.01,55919.0,47531.0,8388.0,147.0,16.0,0.0010916914913385,0.0009040939717581,0.005876499155404,0.0046393787876936,0.000573900897505,0.2495666608515904,0.0080272639759636,0.0007612521462886,0.016033179589485,0.0011154188549862,0.009067500054505,0.4229689372127541,20391.0,2.5720838000124786,0.1607279000163544,0.2749252319335937,3.799598693847656,75.0,3.12.10,2.4.6,2.3.3,1.6.1,4.7.0,0.16.0,
causal-foundation-v1-smoke-Anchored-R25-Sentinel,2026-08-09T10:43:32.683695+00:00,smoke,conversion,Anchored-R25-Sentinel,anchored_r_learner,0b73751df7c0c285,"{""builder"": ""anchored_r_learner"", ""family"": ""anchored_r_learner"", ""is_cate_scale"": true, ""name"": ""Anchored-R25-Sentinel"", ""params"": {""feature_augmentation"": ""sentinel_flags"", ""final_params"": {""learning_rate"": 0.04, ""min_child_samples"": 5000, ""n_estimators"": 200, ""num_leaves"": 15, ""reg_lambda"": 20.0}, ""inner_cv"": 2, ""nuisance_params"": {""min_child_samples"": 250, ""n_estimators"": 200, ""num_leaves"": 31}, ""residual_shrinkage"": 0.25, ""sentinel_min_mode_share"": 0.05}}",336d7770de8534b785eec89c980536d9ba06996a,1.0,2be0e87b89ca5c9b8f8d8d69a2a5a9c8dc8b739f6fd78f5f4e4395826d6a139f,2716e1bf0fd157a93b5bf86924d9088419dfbac2022c6cd90030220634f616dc,b033a1e8094e514df085e28e808c818582ed6393095203741c1df5acf3312595,b033a1e8094e514df085e28e808c818582ed6393095203741c1df5acf3312595,101.0,3.0,0.01,55919.0,47531.0,8388.0,147.0,16.0,0.0011246479265357,0.0009365206897442,0.0059351803362904,0.004694897747421,0.0006084739138242,0.263250290404897,0.0084722853134487,0.0005255457601804,0.016033170622968,0.0011106459527955,0.009073611374344,0.4115595772456589,20396.0,2.47416019999946,0.1681685000221477,0.2856216430664062,3.799598693847656,75.0,3.12.10,2.4.6,2.3.3,1.6.1,4.7.0,0.16.0,
causal-foundation-v1-smoke-Anchored-Pattern-R,2026-08-09T10:43:35.447745+00:00,smoke,conversion,Anchored-Pattern-R,anchored_pattern_r_learner,36aac092fdf64835,"{""builder"": ""anchored_pattern_r_learner"", ""family"": ""anchored_pattern_r_learner"", ""is_cate_scale"": true, ""name"": ""Anchored-Pattern-R"", ""params"": {""inner_cv"": 2, ""nuisance_params"": {""min_child_samples"": 250, ""n_estimators"": 200, ""num_leaves"": 31}, ""pattern_prior_weight"": 1000.0, ""sentinel_min_mode_share"": 0.05}}",336d7770de8534b785eec89c980536d9ba06996a,1.0,2be0e87b89ca5c9b8f8d8d69a2a5a9c8dc8b739f6fd78f5f4e4395826d6a139f,2716e1bf0fd157a93b5bf86924d9088419dfbac2022c6cd90030220634f616dc,b033a1e8094e514df085e28e808c818582ed6393095203741c1df5acf3312595,b033a1e8094e514df085e28e808c818582ed6393095203741c1df5acf3312595,101.0,3.0,0.01,55919.0,47531.0,8388.0,147.0,16.0,0.0010866613706427,0.0008938086532385,0.0057432227622073,0.0045052345445181,0.000507169366434,0.2297117898103431,0.0074357552382868,0.0006251294879599,0.0160321883959619,0.0009460738886529,0.0089891467261729,0.5694307838123,18890.0,2.020049900005688,0.162000899988925,0.2856216430664062,3.799598693847656,75.0,3.12.10,2.4.6,2.3.3,1.6.1,4.7.0,0.16.0,
causal-foundation-v1-smoke-DINA-CATE-Sentinel,2026-08-09T10:43:37.737933+00:00,smoke,conversion,DINA-CATE-Sentinel,binary_dina_learner,88763cb8b9238a95,"{""builder"": ""binary_dina_learner"", ""family"": ""binary_dina_learner"", ""is_cate_scale"": true, ""name"": ""DINA-CATE-Sentinel"", ""params"": {""effect_clip"": 3.0, ""feature_augmentation"": ""sentinel_flags"", ""final_params"": {""learning_rate"": 0.04, ""min_child_samples"": 5000, ""n_estimators"": 250, ""num_leaves"": 15, ""reg_lambda"": 20.0}, ""inner_cv"": 2, ""nuisance_params"": {""min_child_samples"": 250, ""n_estimators"": 200, ""num_leaves"": 31}, ""probability_clip"": 1e-05, ""sentinel_min_mode_share"": 0.05}}",336d7770de8534b785eec89c980536d9ba06996a,1.0,2be0e87b89ca5c9b8f8d8d69a2a5a9c8dc8b739f6fd78f5f4e4395826d6a139f,2716e1bf0fd157a93b5bf86924d9088419dfbac2022c6cd90030220634f616dc,b033a1e8094e514df085e28e808c818582ed6393095203741c1df5acf3312595,b033a1e8094e514df085e28e808c818582ed6393095203741c1df5acf3312595,101.0,3.0,0.01,55919.0,47531.0,8388.0,147.0,16.0,0.0012109081985268,0.0010161683250454,0.0048815413931046,0.0038360137721333,0.0007786802824503,0.3227973036280415,0.0104305583032034,0.0014068884130659,0.0161457569359245,0.0004023967818779,0.0058303703751532,0.6833097873710188,10493.0,2.919676299992716,0.1281462000042665,0.2856216430664062,3.799598693847656,75.0,3.12.10,2.4.6,2.3.3,1.6.1,4.7.0,0.16.0,
causal-foundation-v1-screen-Response,2026-08-09T10:45:41.103472+00:00,screen,conversion,Response,response,2493f3f82d2d833e,"{""builder"": ""response"", ""family"": ""response"", ""is_cate_scale"": false, ""name"": ""Response"", ""params"": {}}",336d7770de8534b785eec89c980536d9ba06996a,1.0,ee518d90db8c649b3dc27776ed402b06006b532009b3cbb018e9fdad2db94646,2716e1bf0fd157a93b5bf86924d9088419dfbac2022c6cd90030220634f616dc,2f9a75e0b5572f108993310af120552d129982dc2d4d2016ee2ed0f7a020806a,2f9a75e0b5572f108993310af120552d129982dc2d4d2016ee2ed0f7a020806a,101.0,3.0,0.15,838776.0,712960.0,125816.0,2203.0,244.0,0.0008567794317185,0.000764795330765,0.0030931263234996,0.0027617925731059,0.0004429793166714,0.1829811402640043,0.0059201992528162,,,0.0028849599101637,0.0216740549891337,0.0,256332.0,12.49849839998933,4.250551999997697,0.4346466064453125,3.5751876831054688,76.5,3.12.10,2.4.6,2.3.3,1.6.1,4.7.0,0.16.0,
causal-foundation-v1-screen-Response-Sentinel,2026-08-09T10:45:59.542204+00:00,screen,conversion,Response-Sentinel,response,0ccda20f93617af8,"{""builder"": ""response"", ""family"": ""response"", ""is_cate_scale"": false, ""name"": ""Response-Sentinel"", ""params"": {""feature_augmentation"": ""sentinel_flags"", ""sentinel_min_mode_share"": 0.05}}",336d7770de8534b785eec89c980536d9ba06996a,1.0,ee518d90db8c649b3dc27776ed402b06006b532009b3cbb018e9fdad2db94646,2716e1bf0fd157a93b5bf86924d9088419dfbac2022c6cd90030220634f616dc,2f9a75e0b5572f108993310af120552d129982dc2d4d2016ee2ed0f7a020806a,2f9a75e0b5572f108993310af120552d129982dc2d4d2016ee2ed0f7a020806a,101.0,3.0,0.15,838776.0,712960.0,125816.0,2203.0,244.0,0.0008588313956321,0.0007670898384827,0.003117999317318,0.0027888149285026,0.0004439156757064,0.1833660109683683,0.0059327060675219,,,0.0028875096961457,0.0216972108525646,0.0,257752.0,14.947865899986937,4.483161899988772,0.5186233520507812,3.298473358154297,78.3,3.12.10,2.4.6,2.3.3,1.6.1,4.7.0,0.16.0,
causal-foundation-v1-screen-Anchored-R25,2026-08-09T10:46:20.759488+00:00,screen,conversion,Anchored-R25,anchored_r_learner,de9aa41664ebd502,"{""builder"": ""anchored_r_learner"", ""family"": ""anchored_r_learner"", ""is_cate_scale"": true, ""name"": ""Anchored-R25"", ""params"": {""final_params"": {""learning_rate"": 0.04, ""min_child_samples"": 5000, ""n_estimators"": 200, ""num_leaves"": 15, ""reg_lambda"": 20.0}, ""inner_cv"": 2, ""nuisance_params"": {""min_child_samples"": 250, ""n_estimators"": 200, ""num_leaves"": 31}, ""residual_shrinkage"": 0.25}}",336d7770de8534b785eec89c980536d9ba06996a,1.0,ee518d90db8c649b3dc27776ed402b06006b532009b3cbb018e9fdad2db94646,2716e1bf0fd157a93b5bf86924d9088419dfbac2022c6cd90030220634f616dc,2f9a75e0b5572f108993310af120552d129982dc2d4d2016ee2ed0f7a020806a,2f9a75e0b5572f108993310af120552d129982dc2d4d2016ee2ed0f7a020806a,101.0,3.0,0.15,838776.0,712960.0,125816.0,2203.0,244.0,0.0008137684802646,0.0007133503201524,0.0029250950528605,0.0025269551306227,0.0003753185616806,0.1532761723612079,0.0049620759474837,0.0004216966690933,0.0145736761586483,0.0005461865113446,0.0035776800323271,0.1439156580541169,237995.0,21.255965899996227,2.9274434999970254,0.5186233520507812,3.298473358154297,78.3,3.12.10,2.4.6,2.3.3,1.6.1,4.7.0,0.16.0,
causal-foundation-v1-screen-Anchored-R25-Sentinel,2026-08-09T10:46:46.883572+00:00,screen,conversion,Anchored-R25-Sentinel,anchored_r_learner,0b73751df7c0c285,"{""builder"": ""anchored_r_learner"", ""family"": ""anchored_r_learner"", ""is_cate_scale"": true, ""name"": ""Anchored-R25-Sentinel"", ""params"": {""feature_augmentation"": ""sentinel_flags"", ""final_params"": {""learning_rate"": 0.04, ""min_child_samples"": 5000, ""n_estimators"": 200, ""num_leaves"": 15, ""reg_lambda"": 20.0}, ""inner_cv"": 2, ""nuisance_params"": {""min_child_samples"": 250, ""n_estimators"": 200, ""num_leaves"": 31}, ""residual_shrinkage"": 0.25, ""sentinel_min_mode_share"": 0.05}}",336d7770de8534b785eec89c980536d9ba06996a,1.0,ee518d90db8c649b3dc27776ed402b06006b532009b3cbb018e9fdad2db94646,2716e1bf0fd157a93b5bf86924d9088419dfbac2022c6cd90030220634f616dc,2f9a75e0b5572f108993310af120552d129982dc2d4d2016ee2ed0f7a020806a,2f9a75e0b5572f108993310af120552d129982dc2d4d2016ee2ed0f7a020806a,101.0,3.0,0.15,838776.0,712960.0,125816.0,2203.0,244.0,0.0008204309602,0.0007204417684138,0.0029759566730287,0.002581798580252,0.0004021940632778,0.1646645864647976,0.0053332830745438,0.0004410444230688,0.0145737815599911,0.000546265261427,0.0035995697100416,0.1274774194779059,237824.0,22.39469290000852,3.227476200016099,0.5398597717285156,3.298473358154297,78.3,3.12.10,2.4.6,2.3.3,1.6.1,4.7.0,0.16.0,
causal-foundation-v1-screen-Anchored-Pattern-R,2026-08-09T10:47:14.417775+00:00,screen,conversion,Anchored-Pattern-R,anchored_pattern_r_learner,36aac092fdf64835,"{""builder"": ""anchored_pattern_r_learner"", ""family"": ""anchored_pattern_r_learner"", ""is_cate_scale"": true, ""name"": ""Anchored-Pattern-R"", ""params"": {""inner_cv"": 2, ""nuisance_params"": {""min_child_samples"": 250, ""n_estimators"": 200, ""num_leaves"": 31}, ""pattern_prior_weight"": 1000.0, ""sentinel_min_mode_share"": 0.05}}",336d7770de8534b785eec89c980536d9ba06996a,1.0,ee518d90db8c649b3dc27776ed402b06006b532009b3cbb018e9fdad2db94646,2716e1bf0fd157a93b5bf86924d9088419dfbac2022c6cd90030220634f616dc,2f9a75e0b5572f108993310af120552d129982dc2d4d2016ee2ed0f7a020806a,2f9a75e0b5572f108993310af120552d129982dc2d4d2016ee2ed0f7a020806a,101.0,3.0,0.15,838776.0,712960.0,125816.0,2203.0,244.0,0.0008419791852057,0.000750213034731,0.0030634556296675,0.0027135252092442,0.0004301142024111,0.1783484569785331,0.0057683858922623,0.0005127781827875,0.0145740521800502,0.000561408236087,0.0034282082883991,0.3838509923984473,212298.0,16.98004020001099,1.753757999977097,0.5398597717285156,3.298473358154297,78.3,3.12.10,2.4.6,2.3.3,1.6.1,4.7.0,0.16.0,
causal-foundation-v1-screen-DINA-CATE-Sentinel,2026-08-09T10:47:35.043326+00:00,screen,conversion,DINA-CATE-Sentinel,binary_dina_learner,88763cb8b9238a95,"{""builder"": ""binary_dina_learner"", ""family"": ""binary_dina_learner"", ""is_cate_scale"": true, ""name"": ""DINA-CATE-Sentinel"", ""params"": {""effect_clip"": 3.0, ""feature_augmentation"": ""sentinel_flags"", ""final_params"": {""learning_rate"": 0.04, ""min_child_samples"": 5000, ""n_estimators"": 250, ""num_leaves"": 15, ""reg_lambda"": 20.0}, ""inner_cv"": 2, ""nuisance_params"": {""min_child_samples"": 250, ""n_estimators"": 200, ""num_leaves"": 31}, ""probability_clip"": 1e-05, ""sentinel_min_mode_share"": 0.05}}",336d7770de8534b785eec89c980536d9ba06996a,1.0,ee518d90db8c649b3dc27776ed402b06006b532009b3cbb018e9fdad2db94646,2716e1bf0fd157a93b5bf86924d9088419dfbac2022c6cd90030220634f616dc,2f9a75e0b5572f108993310af120552d129982dc2d4d2016ee2ed0f7a020806a,2f9a75e0b5572f108993310af120552d129982dc2d4d2016ee2ed0f7a020806a,101.0,3.0,0.15,838776.0,712960.0,125816.0,2203.0,244.0,0.0008675779493181,0.0007664880575434,0.0031615679437166,0.0027719150733505,0.0004213022315015,0.1771152954679412,0.0057341708119488,0.000582188935981,0.0146141046671221,0.0010131630027977,0.0089476612429111,0.3134615201197936,216697.0,45.648690500005614,3.729098400013754,0.6203117370605469,3.298473358154297,78.3,3.12.10,2.4.6,2.3.3,1.6.1,4.7.0,0.16.0,
causal-foundation-v1-screen-Response,2026-08-09T10:51:05.007807+00:00,screen,conversion,Response,response,2493f3f82d2d833e,"{""builder"": ""response"", ""family"": ""response"", ""is_cate_scale"": false, ""name"": ""Response"", ""params"": {}}",336d7770de8534b785eec89c980536d9ba06996a,1.0,ccebed4bd70a8534a5766d2191546a328b232fd143abae99cc1f197dbf20d1c8,2716e1bf0fd157a93b5bf86924d9088419dfbac2022c6cd90030220634f616dc,2f9a75e0b5572f108993310af120552d129982dc2d4d2016ee2ed0f7a020806a,2f9a75e0b5572f108993310af120552d129982dc2d4d2016ee2ed0f7a020806a,202.0,3.0,0.15,838776.0,712960.0,125816.0,2203.0,244.0,0.000852166025339,0.0007468078972022,0.0030792190827494,0.002746684172116,0.0004397814420787,0.1842742834481864,0.0059609244070627,,,0.0028840476164145,0.0215121965945475,0.0,257336.0,12.1563063999929,4.3887885000003735,0.435150146484375,3.820968627929688,74.8,3.12.10,2.4.6,2.3.3,1.6.1,4.7.0,0.16.0,
causal-foundation-v1-screen-Response-Sentinel,2026-08-09T10:51:23.249433+00:00,screen,conversion,Response-Sentinel,response,0ccda20f93617af8,"{""builder"": ""response"", ""family"": ""response"", ""is_cate_scale"": false, ""name"": ""Response-Sentinel"", ""params"": {""feature_augmentation"": ""sentinel_flags"", ""sentinel_min_mode_share"": 0.05}}",336d7770de8534b785eec89c980536d9ba06996a,1.0,ccebed4bd70a8534a5766d2191546a328b232fd143abae99cc1f197dbf20d1c8,2716e1bf0fd157a93b5bf86924d9088419dfbac2022c6cd90030220634f616dc,2f9a75e0b5572f108993310af120552d129982dc2d4d2016ee2ed0f7a020806a,2f9a75e0b5572f108993310af120552d129982dc2d4d2016ee2ed0f7a020806a,202.0,3.0,0.15,838776.0,712960.0,125816.0,2203.0,244.0,0.0008552008820105,0.0007508216852349,0.0030877628255614,0.0027469544743214,0.0004407153734373,0.1849486621593292,0.0059827278465116,,,0.0028866103348037,0.0215794393404746,0.0,253641.0,15.487476999973296,4.895890399988275,0.5199165344238281,3.5562744140625,76.6,3.12.10,2.4.6,2.3.3,1.6.1,4.7.0,0.16.0,
causal-foundation-v1-screen-Anchored-R25,2026-08-09T10:51:45.459094+00:00,screen,conversion,Anchored-R25,anchored_r_learner,de9aa41664ebd502,"{""builder"": ""anchored_r_learner"", ""family"": ""anchored_r_learner"", ""is_cate_scale"": true, ""name"": ""Anchored-R25"", ""params"": {""final_params"": {""learning_rate"": 0.04, ""min_child_samples"": 5000, ""n_estimators"": 200, ""num_leaves"": 15, ""reg_lambda"": 20.0}, ""inner_cv"": 2, ""nuisance_params"": {""min_child_samples"": 250, ""n_estimators"": 200, ""num_leaves"": 31}, ""residual_shrinkage"": 0.25}}",336d7770de8534b785eec89c980536d9ba06996a,1.0,ccebed4bd70a8534a5766d2191546a328b232fd143abae99cc1f197dbf20d1c8,2716e1bf0fd157a93b5bf86924d9088419dfbac2022c6cd90030220634f616dc,2f9a75e0b5572f108993310af120552d129982dc2d4d2016ee2ed0f7a020806a,2f9a75e0b5572f108993310af120552d129982dc2d4d2016ee2ed0f7a020806a,202.0,3.0,0.15,838776.0,712960.0,125816.0,2203.0,244.0,0.0008440645709096,0.0007295436418191,0.0030397265780111,0.0026664568384423,0.0004158913012093,0.1705056976450823,0.0055175890239724,0.0003757365995746,0.0145277785131793,0.000607321999478,0.0041059107563302,0.1254315812564975,236847.0,24.08889110000746,2.874422600012622,0.5199165344238281,3.5562744140625,76.6,3.12.10,2.4.6,2.3.3,1.6.1,4.7.0,0.16.0,
causal-foundation-v1-screen-Anchored-R25-Sentinel,2026-08-09T10:52:14.363323+00:00,screen,conversion,Anchored-R25-Sentinel,anchored_r_learner,0b73751df7c0c285,"{""builder"": ""anchored_r_learner"", ""family"": ""anchored_r_learner"", ""is_cate_scale"": true, ""name"": ""Anchored-R25-Sentinel"", ""params"": {""feature_augmentation"": ""sentinel_flags"", ""final_params"": {""learning_rate"": 0.04, ""min_child_samples"": 5000, ""n_estimators"": 200, ""num_leaves"": 15, ""reg_lambda"": 20.0}, ""inner_cv"": 2, ""nuisance_params"": {""min_child_samples"": 250, ""n_estimators"": 200, ""num_leaves"": 31}, ""residual_shrinkage"": 0.25, ""sentinel_min_mode_share"": 0.05}}",336d7770de8534b785eec89c980536d9ba06996a,1.0,ccebed4bd70a8534a5766d2191546a328b232fd143abae99cc1f197dbf20d1c8,2716e1bf0fd157a93b5bf86924d9088419dfbac2022c6cd90030220634f616dc,2f9a75e0b5572f108993310af120552d129982dc2d4d2016ee2ed0f7a020806a,2f9a75e0b5572f108993310af120552d129982dc2d4d2016ee2ed0f7a020806a,202.0,3.0,0.15,838776.0,712960.0,125816.0,2203.0,244.0,0.0008408357753008,0.000725424597425,0.0030277787132528,0.0026514431170822,0.0004038225351132,0.1658370382580171,0.0053662580421418,0.0003885400262092,0.0145280337730212,0.0006064577285194,0.0041263866528124,0.1145061375146642,236588.0,22.40257649999694,2.965923299998394,0.5372238159179688,3.5562744140625,76.6,3.12.10,2.4.6,2.3.3,1.6.1,4.7.0,0.16.0,
causal-foundation-v1-screen-Anchored-Pattern-R,2026-08-09T10:52:41.673794+00:00,screen,conversion,Anchored-Pattern-R,anchored_pattern_r_learner,36aac092fdf64835,"{""builder"": ""anchored_pattern_r_learner"", ""family"": ""anchored_pattern_r_learner"", ""is_cate_scale"": true, ""name"": ""Anchored-Pattern-R"", ""params"": {""inner_cv"": 2, ""nuisance_params"": {""min_child_samples"": 250, ""n_estimators"": 200, ""num_leaves"": 31}, ""pattern_prior_weight"": 1000.0, ""sentinel_min_mode_share"": 0.05}}",336d7770de8534b785eec89c980536d9ba06996a,1.0,ccebed4bd70a8534a5766d2191546a328b232fd143abae99cc1f197dbf20d1c8,2716e1bf0fd157a93b5bf86924d9088419dfbac2022c6cd90030220634f616dc,2f9a75e0b5572f108993310af120552d129982dc2d4d2016ee2ed0f7a020806a,2f9a75e0b5572f108993310af120552d129982dc2d4d2016ee2ed0f7a020806a,202.0,3.0,0.15,838776.0,712960.0,125816.0,2203.0,244.0,0.0008611525841407,0.0007559088011475,0.0031534070967501,0.0028139510142127,0.0004401317205712,0.1849604856748109,0.0059839731884219,0.0004010093444253,0.0145282986503166,0.0006130423923239,0.0039625451588848,0.2297586006275811,210442.0,16.8849990000017,1.6610383999941405,0.5372238159179688,3.5562744140625,76.6,3.12.10,2.4.6,2.3.3,1.6.1,4.7.0,0.16.0,
causal-foundation-v1-screen-DINA-CATE-Sentinel,2026-08-09T10:53:02.065005+00:00,screen,conversion,DINA-CATE-Sentinel,binary_dina_learner,88763cb8b9238a95,"{""builder"": ""binary_dina_learner"", ""family"": ""binary_dina_learner"", ""is_cate_scale"": true, ""name"": ""DINA-CATE-Sentinel"", ""params"": {""effect_clip"": 3.0, ""feature_augmentation"": ""sentinel_flags"", ""final_params"": {""learning_rate"": 0.04, ""min_child_samples"": 5000, ""n_estimators"": 250, ""num_leaves"": 15, ""reg_lambda"": 20.0}, ""inner_cv"": 2, ""nuisance_params"": {""min_child_samples"": 250, ""n_estimators"": 200, ""num_leaves"": 31}, ""probability_clip"": 1e-05, ""sentinel_min_mode_share"": 0.05}}",336d7770de8534b785eec89c980536d9ba06996a,1.0,ccebed4bd70a8534a5766d2191546a328b232fd143abae99cc1f197dbf20d1c8,2716e1bf0fd157a93b5bf86924d9088419dfbac2022c6cd90030220634f616dc,2f9a75e0b5572f108993310af120552d129982dc2d4d2016ee2ed0f7a020806a,2f9a75e0b5572f108993310af120552d129982dc2d4d2016ee2ed0f7a020806a,202.0,3.0,0.15,838776.0,712960.0,125816.0,2203.0,244.0,0.0008318314944285,0.0007181847597339,0.0031857401946469,0.0027854052201642,0.0004162473487244,0.1716249916469082,0.0055520122120726,0.0007195024585195,0.014551721116167,0.0011283826164552,0.0092264841899023,0.1636920941943975,221413.0,46.62643859999662,3.7073491999908574,0.6199722290039062,3.401679992675781,77.6,3.12.10,2.4.6,2.3.3,1.6.1,4.7.0,0.16.0,
causal-foundation-v1-finalist-Response,2026-08-09T11:12:10.432329+00:00,finalist,conversion,Response,response,2493f3f82d2d833e,"{""builder"": ""response"", ""family"": ""response"", ""is_cate_scale"": false, ""name"": ""Response"", ""params"": {}}",336d7770de8534b785eec89c980536d9ba06996a,1.0,e54ebdf7106444e1d5f2a3f35b701996295317b5ecc236371eaf60c0d1f514a7,2716e1bf0fd157a93b5bf86924d9088419dfbac2022c6cd90030220634f616dc,8ff1ffcde973cb58df155f942b3f3cf9f386d64c019f18bf51a4df98aeedd476,8ff1ffcde973cb58df155f942b3f3cf9f386d64c019f18bf51a4df98aeedd476,101.0,3.0,1.0,5591836.0,4753061.0,838775.0,14684.0,1625.0,0.0008518093794855,0.0007529906323033,0.0032193657849526,0.0028432586675385,0.0004369388857476,0.1851458500921816,0.005991994598926,,,0.0029103280865875,0.0206310923906647,0.0,1288210.0,66.21343469999556,22.22815809999884,1.3848114013671875,2.4902114868164062,83.6,3.12.10,2.4.6,2.3.3,1.6.1,4.7.0,0.16.0,
causal-foundation-v1-finalist-Response-Sentinel,2026-08-09T11:25:03.495586+00:00,finalist,conversion,Response-Sentinel,response,0ccda20f93617af8,"{""builder"": ""response"", ""family"": ""response"", ""is_cate_scale"": false, ""name"": ""Response-Sentinel"", ""params"": {""feature_augmentation"": ""sentinel_flags"", ""sentinel_min_mode_share"": 0.05}}",336d7770de8534b785eec89c980536d9ba06996a,1.0,d7cbb40fb143fdae05b5aad4a2f90b5e0a11a0ac7de9ecbde3b7b607e45ce3ad,2716e1bf0fd157a93b5bf86924d9088419dfbac2022c6cd90030220634f616dc,8ff1ffcde973cb58df155f942b3f3cf9f386d64c019f18bf51a4df98aeedd476,8ff1ffcde973cb58df155f942b3f3cf9f386d64c019f18bf51a4df98aeedd476,101.0,3.0,1.0,5591836.0,4753061.0,838775.0,14684.0,1625.0,0.0008530223502204,0.0007542168414236,0.003207381845469,0.0028300235621477,0.0004363849116271,0.1846523646479828,0.0059752449971524,,,0.0029120234109919,0.0206415376004632,0.0,1288046.0,71.41396710000117,21.919377400001395,1.7913131713867188,2.015571594238281,86.7,3.12.10,2.4.6,2.3.3,1.6.1,4.7.0,0.16.0,
causal-foundation-v1-finalist-Response,2026-08-09T11:30:48.218544+00:00,finalist,conversion,Response,response,2493f3f82d2d833e,"{""builder"": ""response"", ""family"": ""response"", ""is_cate_scale"": false, ""name"": ""Response"", ""params"": {}}",336d7770de8534b785eec89c980536d9ba06996a,1.0,cb1d7e39c4b3d9418d8267f6ec72c1d15d690b8ed2853bc55504a6da2e594e02,2716e1bf0fd157a93b5bf86924d9088419dfbac2022c6cd90030220634f616dc,8ff1ffcde973cb58df155f942b3f3cf9f386d64c019f18bf51a4df98aeedd476,8ff1ffcde973cb58df155f942b3f3cf9f386d64c019f18bf51a4df98aeedd476,202.0,3.0,1.0,5591836.0,4753061.0,838775.0,14684.0,1625.0,0.0008704103630978,0.0007569213305858,0.0033737249060329,0.0029246670346452,0.0004459331365708,0.1849610761864487,0.0059852886511195,,,0.0029126095892648,0.0206623898828629,0.0,1257174.0,80.1954472999787,22.88406300000497,1.3889617919921875,2.110633850097656,86.1,3.12.10,2.4.6,2.3.3,1.6.1,4.7.0,0.16.0,
causal-foundation-v1-finalist-Response-Sentinel,2026-08-09T11:40:43.707799+00:00,finalist,conversion,Response-Sentinel,response,0ccda20f93617af8,"{""builder"": ""response"", ""family"": ""response"", ""is_cate_scale"": false, ""name"": ""Response-Sentinel"", ""params"": {""feature_augmentation"": ""sentinel_flags"", ""sentinel_min_mode_share"": 0.05}}",336d7770de8534b785eec89c980536d9ba06996a,1.0,ae8c6c7be196038978626ad23d334f4ea0c2b3620de8774f476d012a271f6588,2716e1bf0fd157a93b5bf86924d9088419dfbac2022c6cd90030220634f616dc,8ff1ffcde973cb58df155f942b3f3cf9f386d64c019f18bf51a4df98aeedd476,8ff1ffcde973cb58df155f942b3f3cf9f386d64c019f18bf51a4df98aeedd476,202.0,3.0,1.0,5591836.0,4753061.0,838775.0,14684.0,1625.0,0.0008683353630565,0.0007547978029544,0.0033831992889435,0.0029323448461412,0.0004459585624682,0.1847900665271946,0.0059793177789795,,,0.0029121872488902,0.0206741283849986,0.0,1271940.0,71.75159859999258,22.04736819997197,1.6278915405273438,2.2153854370117188,85.4,3.12.10,2.4.6,2.3.3,1.6.1,4.7.0,0.16.0,
